,Unnamed: 0,Tables,Unnamed: 2,Unnamed: 3,Unnamed: 4,Unnamed: 5,Unnamed: 6,Unnamed: 7,Unnamed: 8,Unnamed: 9,Unnamed: 10,Unnamed: 11,Unnamed: 12,Unnamed: 13,Unnamed: 14,Unnamed: 15,Unnamed: 16,Unnamed: 17,Unnamed: 18,Unnamed: 19,Unnamed: 20,Unnamed: 21,Unnamed: 22,Unnamed: 23,Unnamed: 24,Unnamed: 25,Unnamed: 26,Unnamed: 27
0,,Note: All of the following links point to tables within this spreadsheet that  can also be found using the navigation at the bottom of the page,,,,,,,,,,,,,,,,,,,,,,,,,,
1,,"B.C. Gross Domestic Product (GDP) (Constant Dollar) at Basic Prices, by Industry",,,,,,,,,,,,,,,,,,,,,,,,,,
2,,"B.C. Gross Domestic Product (GDP) (Current Dollar) at Basic Prices, by Industry",,,,,,,,,,,,,,,,,,,,,,,,,,
3,,"B.C. Gross Domestic Product (GDP) at Basic Prices, Selected Activities",,,,,,,,,,,,,,,,,,,,,,,,,,
4,,"High Technology GDP (Constant Dollar) at Basic Prices, by Province",,,,,,,,,,,,,,,,,,,,,,,,,,
5,,"High Technology GDP (Current Dollar) at Basic Prices, by Province",,,,,,,,,,,,,,,,,,,,,,,,,,
6,,B.C. High Technology Sector Revenues,,,,,,,,,,,,,,,,,,,,,,,,,,
7,,"High Technology Sector Revenues, by Province",,,,,,,,,,,,,,,,,,,,,,,,,,
8,,,,,,,,,,,,,,,,,,,,,,,,,,,,
9,,Note: All dollar figures are in Canadian dollars (unless otherwise stated),,,,,,,,,,,,,,,,,,,,,,,,,,
10,,,,,,,,,,,,,,,,,,,,,,,,,,,,
11,,,,,,,,,,,,,,,,,,,,,,,,,,,,
12,"High Technology B.C. Gross Domestic Product (GDP) (Constant Dollar) at Basic Prices, by Industry",,,,,,,,,,,,,,,,,,,,,,,,,,,
13,Chained 2017 $ million1,,,,,,,,,,,,,,,,,,,,,,,,,,,
14,INDUSTRY,1997,1998.0,1999.0,2000.0,2001.0,2002.0,2003.0,2004.0,2005.0,2006.0,2007.0,2008.0,2009.0,2010.0,2011.0,2012.0,2013.0,2014.0,2015.0,2016.0,2017.0,2018.0,2019.0,2020.0,2021.0,2022.0,
15,,,,,,,,,,,,,,,,,,,,,,,,,,,,
16,High Technology Manufacturing,750.2668012,776.8500092,968.101118,1472.330728,1455.15163,1212.708312,1211.993577,1311.308092,1380.842515,1457.588242,1483.941013,1473.140285,1272.296497,1483.875949,1493.362883,1560.368811,1534.267061,1602.471136,1629.583099,1667.419506,1714.007289,1957.550237,2086.85899,1968.297237,2073.147986,2402.824991,
17,Pharmaceutical and Medicine manufacturing,39.4,45.7,64.8,98.6,100.4,45.2,45.7,80.2,69.4,48.9,76.9,78.8,85.7,92.1,86.4,110.3,116.5,125.6,144.0,167.9,175.0,269.5,311.1,307.3,367.0,424.4,
18,Aerospace Products and Parts manufacturing,159,135.5,113.8,65.6,234.2,247.5,242.4,177.6,204.0,238.6,233.6,236.1,160.4,191.3,216.2,245.6,259.6,293.4,259.9,273.2,246.3,250.6,238.1,181.9,152.0,152.5,
19,Medical Equipment and Supplies manufacturing,83.8,91.0,114.5,124.7,107.1,138.4,154.2,161.1,155.3,159.3,157.7,134.3,148.7,139.7,134.8,136.7,142.1,128.6,139.2,173.5,225.6,235.0,227.3,259.9,288.5,270.0,
20,"Computer, electronic product, electrical equipment, appliance and component manufacturing",356.6444061,404.2894762,591.3652271,1008.179071,765.7444761,565.4823985,574.8045151,659.8615476,707.7919648,796.788322,793.0715344,813.553676,689.8312286,874.3019148,871.9862312,854.5374488,789.0392607,841.1368903,896.6416832,836.2555892,805.0689936,917.4970462,1027.777817,937.3763035,1024.750416,1244.856971,
21,Chemical and machinery manufacturing,111.4223951,100.3605329,83.63589089,175.2516574,247.7071542,216.125914,194.889062,232.5465439,244.3505501,213.99992,222.6694787,210.3866087,187.6652681,186.4740344,183.9766519,213.2313624,227.0278003,213.734246,189.8414155,216.5639168,262.0382955,284.9531905,282.5811723,281.8209335,240.8975699,311.0680202,
22,,,,,,,,,,,,,,,,,,,,,,,,,,,,
23,High Technology Services,6343.873003,6591.198851,6726.106768,7298.883492,7590.487385,8196.46332,9051.895274,9243.386682,10031.89781,10792.03806,11433.96732,11770.89808,11603.29456,11849.94085,12380.56653,12769.58571,13288.61523,14144.81777,14268.25329,15140.81882,15989.14544,17227.92924,18656.66201,19702.137,21651.96629,23918.82481,
24,Motion picture production & post-production2,185.889367,229.1608688,324.2667937,330.7061316,355.7076175,362.5943339,316.2151641,310.8380265,407.1574381,428.8129237,385.9638426,389.8041132,343.3800342,312.4238935,389.7180042,399.2869932,469.2055962,666.8339739,535.0751028,794.8482813,942.8457156,982.595742,1137.391894,999.3524119,1215.549506,1232.3847,
25,Telecommunications,2575.555935,2617.238708,2884.417187,3110.008553,2992.210724,3421.426539,3816.848009,3672.907972,3881.180378,3933.005625,4035.6,4060.8,4048.2,4134.5,4047.3,4063.6,3951.1,3973.9,4256.6,4391.5,4661.6,4853.4,5099.1,5041.1,5360.8,5483.7,
26,Pay and Specialty Television,0.570298915,0.598591014,0.716442999,0.799066696,1.090665935,1.45,2.692857143,3.107142857,3.107142857,4.557142857,10.3,9.7,9.9,8.3,5.5,5.9,6.3,6.8,5.9,5.1,4.4,5.2,6.3,3.7,3.7,3.6,
27,Other Telecommunications,2574.985636,2616.640117,2883.700744,3109.209487,2991.120059,3419.976539,3814.155152,3669.800829,3878.073235,3928.448482,4025.3,4051.1,4038.3,4126.2,4041.8,4057.7,3944.8,3967.1,4250.7,4386.4,4657.2,4848.2,5092.8,5037.4,5357.1,5480.1,
28,Engineering services,1661.969794,1338.956555,1064.793327,1017.570818,1152.901155,1117.274499,1191.415225,1135.426451,1366.956297,1537.493788,1633.188066,1814.264199,1927.360964,1954.025232,2175.452557,2314.621652,2250.486853,2196.201394,2234.081639,2478.671203,2575.165225,2832.293663,3356.677126,3353.385826,3218.529472,2856.411848,
29,Software publishing,119,248.5,242.5,272.0,373.6,432.8,561.7,698.4,903.9,1023.3,872.9,856.3,671.2,738.9,814.1,878.5,973.1,1063.1,1088.9,1025.5,1061.4,1151.3,1222.4,1401.6,1379.8,1438.0,
30,Other computer and related services,1293.420673,1415.960929,1548.947037,1816.993789,1908.411048,2018.749075,2191.313656,2346.111095,2332.622997,2493.690706,2897.8,2982.2,3045.2,3040.3,3224.6,3332.2,3609.1,4182.0,4207.2,4667.6,4750.2,5176.5,5678.8,6131.1,7113.0,8277.8,
31,"Data processing, hosting and related services, internet broadcasting and web search portals",450.6206733,428.5609294,449.0470365,475.5937885,480.9110479,424.1490754,475.0136558,511.0110953,525.1229967,548.1907065,554.9,588.3,595.5,544.9,581.1,637.4,747.2,857.1,824.7,861.1,827.7,885.8,982.4,968.5,1041.4,1204.5,
32,Computer systems and video game design and Development services,842.8,987.4,1099.9,1341.4,1427.5,1594.6,1716.3,1835.1,1807.5,1945.5,2342.9,2393.9,2449.7,2495.4,2643.5,2694.8,2861.9,3324.9,3382.5,3806.5,3922.5,4290.7,4696.4,5162.6,6071.6,7073.3,
33,Other services,508.0372339,741.3817899,661.1824236,751.6042006,807.65684,843.6188721,974.4032202,1079.703137,1140.080697,1375.735017,1608.515412,1667.529764,1567.953561,1669.791724,1729.39597,1781.377061,2035.62278,2062.782402,1946.396549,1782.699336,1997.934504,2231.839835,2162.292985,2775.598762,3364.287314,4630.528258,
34,"Architectural, engineering, management, scientific and technical consulting services",254.9850335,313.3597711,264.6466797,292.0027185,361.2618894,375.0167235,443.9627129,492.1509566,521.0650523,664.0894992,821.4154124,872.1297642,757.0535607,776.7917244,829.7959702,889.7770606,1034.52278,1075.982402,960.6965486,907.3993356,929.4345038,968.1398354,988.792985,1384.098762,1629.987314,2756.328258,
35,Scientific research and development services,253.0522004,428.0220189,396.5357439,459.6014821,446.3949505,468.6021486,530.4405074,587.5521802,619.0156443,711.6455173,787.1,795.4,810.9,893.0,899.6,891.6,1001.1,986.8,985.7,875.3,1068.5,1263.7,1173.5,1391.5,1734.3,1874.2,
36,,,,,,,,,,,,,,,,,,,,,,,,,,,,
37,High Technology Sector Total,6544.854878,6867.326905,7307.835028,8485.179404,8655.115922,8985.073315,9846.759896,10166.83648,11120.37161,11935.62305,12440.49285,12761.33778,12400.68591,12852.54452,13357.29941,13800.36774,14214.32742,15075.59593,15187.43112,16114.84059,16981.46115,18403.8132,19903.54735,20812.98747,22770.3069,25238.29346,
38,,,,,,,,,,,,,,,,,,,,,,,,,,,,
39,BC Industrial Aggregate,154315.3,155817.4,160987.2,168579.9,169520.4,175973.2,180365.2,187741.7,196743.3,205806.0,211785.8,212989.4,207463.2,213022.3,219107.4,224739.9,230140.6,238305.6,243845.5,251036.3,260220.3,270106.4,277848.2,269189.9,288151.0,299250.4,
40,,,,,,,,,,,,,,,,,,,,,,,,,,,,
41,% change from previous year,,,,,,,,,,,,,,,,,,,,,,,,,,,
42,INDUSTRY,,1998.0,1999.0,2000.0,2001.0,2002.0,2003.0,2004.0,2005.0,2006.0,2007.0,2008.0,2009.0,2010.0,2011.0,2012.0,2013.0,2014.0,2015.0,2016.0,2017.0,2018.0,2019.0,2020.0,2021.0,2022.0,
43,,,,,,,,,,,,,,,,,,,,,,,,,,,,
44,High Technology Manufacturing,,3.543167297,24.61879469,52.08439497,-1.16679611,-16.66103468,-0.058937125,8.194310292,5.302676302,5.557891375,1.807970892,-0.727840813,-13.63371772,16.62972845,0.639334703,4.486915329,-1.672793635,4.445384836,1.691884593,2.321845836,2.79400493,14.20897969,6.605641611,-5.681349493,5.326977416,15.90224174,
45,Pharmaceutical and Medicine manufacturing,,15.98984772,41.79431072,52.16049383,1.825557809,-54.98007968,1.10619469,75.49234136,-13.46633416,-29.5389049,57.2597137,2.470741222,8.756345178,7.467911319,-6.188925081,27.66203704,5.621033545,7.811158798,14.64968153,16.59722222,4.228707564,54.0,15.43599258,-1.221472195,19.42726977,15.64032698,
46,Aerospace Products and Parts manufacturing,,-14.77987421,-16.01476015,-42.35500879,257.0121951,5.678906917,-2.060606061,-26.73267327,14.86486486,16.96078431,-2.095557418,1.070205479,-32.0626853,19.26433915,13.01620491,13.59851989,5.700325733,13.02003082,-11.41785958,5.117352828,-9.846266471,1.745838408,-4.988028731,-23.60352793,-16.43760308,0.328947368,
47,Medical Equipment and Supplies manufacturing,,8.591885442,25.82417582,8.908296943,-14.1138733,29.22502334,11.41618497,4.474708171,-3.600248293,2.575660013,-1.004394225,-14.83830057,10.72226359,-6.052454607,-3.507516106,1.409495549,3.950256035,-9.500351865,8.242612753,24.6408046,30.02881844,4.166666667,-3.276595745,14.34227893,11.0042324,-6.412478336,
48,"Computer, electronic product, electrical equipment, appliance and component manufacturing",,13.35926467,46.27272335,70.48331969,-24.04677915,-26.15259839,1.648524627,14.79755817,7.263708184,12.57380156,-0.466471137,2.582634821,-15.20765636,26.7414229,-0.264860865,-2.001038751,-7.664753388,6.602666328,6.59878237,-6.73469627,-3.729313856,13.96502082,12.01974129,-8.795822633,9.321135239,21.47904022,
49,Chemical and machinery manufacturing,,-9.927862513,-16.66456081,109.5412095,41.3436871,-12.74942596,-9.826147928,19.32252203,5.075975752,-12.42093791,4.051197165,-5.51618929,-10.79980364,-0.634765146,-1.339265544,15.90131693,6.470172932,-5.85547421,-11.17875633,14.07622317,20.99813277,8.744864922,-0.832423828,-0.269033758,-14.52105177,29.12874977,
50,,,,,,,,,,,,,,,,,,,,,,,,,,,,
51,High Technology Services,,3.898656995,2.04678875,8.515724525,3.995184932,7.983360011,10.43659833,2.115484129,8.530543528,7.577232828,5.948174549,2.946752831,-1.42388046,2.125657415,4.477876201,3.14217587,4.064576064,6.443128387,0.872655431,6.115433415,5.602911141,7.747654812,8.293119531,5.603762311,9.896537077,10.46952726,
52,Motion picture production & post-production,,23.27809413,41.5018172,1.985814778,7.56003092,1.936060987,-12.79092514,-1.700467979,30.98701041,5.318700729,-9.992488265,0.99498196,-11.90959187,-9.015125432,24.74014069,2.455362305,17.51086415,42.11978274,-19.75887197,48.54891906,18.61958286,4.215962989,15.75379834,-12.1364925,21.63371912,1.384986289,
53,Telecommunications,,1.618399069,10.20841079,7.821038079,-3.787701122,14.34443809,11.55721057,-3.771175499,5.670504336,1.335296015,2.608548907,0.624442462,-0.310283688,2.131811669,-2.109082114,0.402737628,-2.76848115,0.577054491,7.113918317,3.169196072,6.150518046,4.114467136,5.062430461,-1.137455629,6.34186983,2.292568273,
54,Pay and Specialty Television,,4.960924581,19.68823168,11.53248716,36.49247805,32.94629948,85.71428571,15.38461538,0.0,46.66666667,126.0188088,-5.825242718,2.06185567,-16.16161616,-33.73493976,7.272727273,6.779661017,7.936507937,-13.23529412,-13.55932203,-13.7254902,18.18181818,21.15384615,-41.26984127,0.0,-2.702702703,
55,Other Telecommunications,,1.617658778,10.20624216,7.820115985,-3.798053127,14.33765521,11.52576948,-3.784699806,5.675305432,1.298976163,2.465388526,0.640946016,-0.315963565,2.176658495,-2.045465562,0.393389084,-2.782364394,0.565301156,7.148798871,3.192415367,6.173627576,4.101176673,5.045171404,-1.087810242,6.346527971,2.296018368,
56,Engineering services,,-19.43556615,-20.47588675,-4.434899106,13.29935327,-3.090174411,6.635855905,-4.6993502,20.39144373,12.47570913,6.224043207,11.08727997,6.233753878,1.383460015,11.33185595,6.397247983,-2.77085452,-2.412165151,1.724807454,10.94810323,3.892973862,9.984929737,18.51444538,-0.098052354,-4.021498275,-11.25102713,
57,Software publishing,,108.8235294,-2.414486922,12.16494845,37.35294118,15.84582441,29.78280961,24.33683461,29.42439863,13.20942582,-14.69754715,-1.901706954,-21.61625599,10.0864124,10.17729057,7.910576096,10.76835515,9.248792519,2.426864829,-5.822389567,3.500731351,8.469945355,6.175627551,14.65968586,-1.555365297,4.218002609,
58,Other computer and related services,,9.474122269,9.391933379,17.30509473,5.031236757,5.78166992,8.548094584,7.064138862,-0.57491304,6.90500394,16.20526926,2.912554352,2.112534371,-0.160908971,6.061901786,3.336847981,8.309825341,15.87376354,0.602582496,10.94314508,1.769646071,8.974358974,9.703467594,7.964710854,16.01507071,16.37565022,
59,"Data processing, hosting and related services, internet broadcasting and web search portals",,-4.895413207,4.780208777,5.91179762,1.118025402,-11.80300863,11.99214694,7.57819046,2.761564574,4.392820341,1.22389771,6.019102541,1.223865375,-8.497061293,6.643420811,9.688521769,17.22623157,14.70824411,-3.780189009,4.413726203,-3.878759726,7.019451492,10.90539625,-1.41490228,7.527103769,15.66160937,
60,Computer systems and video game design and Development services,,17.1570954,11.39355884,21.9565415,6.418667064,11.70577933,7.632008027,6.921866807,-1.504005231,7.634854772,20.42662555,2.176789449,2.330924433,1.865534555,5.934920253,1.940609041,6.200831231,16.17806352,1.732382929,12.53510717,3.047418889,9.386870618,9.455333629,9.926752406,17.60740712,16.49812241,
61,Other services,,45.93060125,-10.81755276,13.6757684,7.457733652,4.452637601,15.50277648,10.80660598,5.592051896,20.66996842,16.92043839,3.668870772,-5.971479832,6.494973212,3.569561697,3.005736757,14.27242583,1.334216844,-5.642177946,-8.410270412,12.07355407,11.70735733,-3.116121924,28.36367602,21.20942553,37.63771717,
62,"Architectural, engineering, management, scientific and technical consulting services",,22.89339762,-15.54541964,10.33681543,23.71867333,3.807441217,18.38477727,10.85411958,5.875046124,27.44848197,23.69046843,6.174019997,-13.19484878,2.607234781,6.823482299,7.228414273,16.26763896,4.007608416,-10.71447391,-5.547767721,2.428387072,4.16439582,2.133281664,39.97861866,17.76524618,69.10120922,
63,Scientific research and development services,,69.1437649,-7.356227841,15.90417487,-2.873474528,4.974787023,13.19634554,10.76683852,5.355007623,14.9640601,10.60281852,1.054503875,1.948705054,10.12455297,0.739081747,-0.889284126,12.28129206,-1.428428728,-0.111471423,-11.20016232,22.07243231,18.26860084,-7.13777004,18.57690669,24.63528566,8.066655135,
64,,,,,,,,,,,,,,,,,,,,,,,,,,,,
65,High Technology Sector Total,,4.927107364,6.414550084,16.11071365,2.00274514,3.812281618,9.590200887,3.250577742,9.378877409,7.331152841,4.229940895,2.579037116,-2.826129047,3.643819551,3.927275937,3.317050233,2.999627875,6.059157681,0.741829282,6.1064275,5.377779289,8.375910867,8.149040275,4.569236371,9.404317548,10.8386179,
66,,,,,,,,,,,,,,,,,,,,,,,,,,,,
67,BC Industrial Aggregate,,0.973396676,3.317857954,4.716337696,0.557895692,3.806503524,2.495834593,4.089757891,4.794672681,4.606357624,2.90555183,0.568310057,-2.594589214,2.679559556,2.856555393,2.57065713,2.403089082,3.547831195,2.324704077,2.948916425,3.658435055,3.799127124,2.866203837,-3.116197981,7.043763529,3.85193874,
68,,,,,,,,,,,,,,,,,,,,,,,,,,,,
69,"1. Note that for chained data, the aggregates are not equal to the sum of their components and, therefore, the sum of the industries will not necessarily equal the ""all industries"" total.",,,,,,,,,,,,,,,,,,,,,,,,,,,
70,2. Note that Statistics Canada data for British Columbia's film industry are understated. Efforts are under way by Statistics Canada to better capture the true nature of the industry.,,,,,,,,,,,,,,,,,,,,,,,,,,,
71,,,,,,,,,,,,,,,,,,,,,,,,,,,,
72,,,,,,,,,,,,,,,,,,,,,,,,,,,,
73,Source: BC Stats and Statistics Canada,,,,,,,,,,,,,,,,,,,,,,,,,,,
74,,,,,,,,,,,,,,,,,,,,,,,,,,,,
75,Definition:,,,,,,,,,,,,,,,,,,,,,,,,,,,
76,"Gross Domestic Product is the total value of an industry's output, minus the value of any intermediate inputs purchased from other industries (domestic or foreign). It is measured at basic prices, meaning it includes taxes on production and excludes any subsidy on production. ",,,,,,,,,,,,,,,,,,,,,,,,,,,
77,Current prices mean that the price valuation refers to the period of observation. This means period to period changes reflect both changes in price as well as changes in quantity produced.,,,,,,,,,,,,,,,,,,,,,,,,,,,
78,,,,,,,,,,,,,,,,,,,,,,,,,,,,
79,"High Technology B.C. Gross Domestic Product (GDP) (Current Dollar) at Basic Prices, by Industry",,,,,,,,,,,,,,,,,,,,,,,,,,,
80,,,,,,,,,,,,,,,,,,,,,,,,,,,,
81,$ million,,,,,,,,,,,,,,,,,,,,,,,,,,,
82,INDUSTRY,1997,1998.0,1999.0,2000.0,2001.0,2002.0,2003.0,2004.0,2005.0,2006.0,2007.0,2008.0,2009.0,2010.0,2011.0,2012.0,2013.0,2014.0,2015.0,2016.0,2017.0,2018.0,2019.0,2020.0,2021.0,2022.0,
83,,,,,,,,,,,,,,,,,,,,,,,,,,,,
84,High Technology Manufacturing,829.1897988,818.0425784,1022.658259,1462.606037,1320.3303,1041.796742,1048.161978,1152.438848,1171.654017,1265.836426,1307.409691,1193.854294,1133.290684,1223.588597,1294.534642,1414.768811,1412.020454,1458.622433,1559.219918,1604.196678,1718.612817,1970.698585,2157.130634,2057.802607,2197.848748,2687.815983,
85,Pharmaceutical and Medicine manufacturing,29,27.6,48.9,75.4,80.0,37.0,38.9,73.2,64.1,49.9,74.3,78.2,116.5,118.0,110.0,135.0,126.5,143.0,145.0,169.8,175.0,258.8,284.1,279.0,361.7962817,431.8585264,
86,Aerospace Products and Parts manufacturing,71.7,61.1,66.7,27.2,121.8,130.4,134.0,108.2,118.2,150.3,141.9,147.7,83.5,77.3,107.6,148.8,170.0,186.7,212.7,251.7,246.3,242.0,240.3,187.1,115.8005554,192.0974641,
87,Medical Equipment and Supplies manufacturing,69,73.4,96.7,109.9,95.3,121.1,139.3,148.6,147.5,156.7,161.9,140.0,156.8,141.5,153.2,164.7,173.4,160.1,166.2,165.1,225.6,239.0,238.7,285.4,380.4825543,346.6328382,
88,"Computer, electronic product, electrical equipment, appliance and component manufacturing",566.541559,577.6176323,739.3822911,1140.80277,866.5520008,613.5885578,612.9073023,677.9121884,705.0281045,753.561678,768.6915297,678.636336,630.7024926,739.6576738,759.9989468,780.0374488,740.3871698,780.1336447,879.172158,830.234729,818.3935154,942.85821,1114.980642,1026.127332,1062.324074,1341.379788,
89,Chemical and machinery manufacturing,92.94823978,78.32494609,70.97596839,109.3032669,156.6782989,139.7081841,123.0546757,144.5266592,136.8259127,155.3747481,160.6181616,149.3179583,145.7881912,147.1309235,163.735695,186.2313624,201.7332846,188.6887882,156.1477596,187.3619492,253.3193012,288.0403747,279.0499922,280.175275,277.4452822,375.8473668,
90,,,,,,,,,,,,,,,,,,,,,,,,,,,,
91,High Technology Services,5538.063471,5763.220198,5562.635143,5927.665587,6137.40736,6623.660892,7551.998202,7912.450081,8697.162996,9355.553644,10259.96862,10643.68451,10720.21292,11016.86764,11785.23519,12385.59893,12585.88561,13396.38792,13905.64584,14859.67476,15989.14544,17251.33577,18989.36385,20421.73841,24073.7247,27425.80744,
92,Motion picture production & post-production1,100.9891634,146.4131516,213.8761126,224.0915134,244.4298581,258.5915773,247.8544139,244.3331464,326.7312775,381.4282025,274.8588095,274.66522,222.3296073,254.6860204,458.0312054,515.3368987,525.4504328,945.0962846,664.9197294,878.1815554,942.8457156,1024.715523,1142.074979,962.5163497,1066.163482,1023.964611,
93,Telecommunications,2820.586634,2778.213916,2731.993231,2801.708473,2637.748546,2959.599008,3458.268529,3431.887799,3520.002405,3556.325422,4070.1,4219.1,4204.9,4273.6,4170.0,4209.9,4118.9,3886.2,4103.3,4301.9,4661.6,4697.7,4968.6,4822.5,6290.94217,6811.3471,
94,Pay and Specialty Television,0.146305871,0.156197726,0.182798793,0.205055465,0.236201439,0.288,0.672,1.344,1.344,2.112,2.4,2.5,2.4,2.6,2.4,2.9,3.4,5.2,3.5,4.6,4.4,5.3,6.6,4.1,4.631926886,4.401286541,
95,Other Telecommunications,2820.440328,2778.057718,2731.810432,2801.503417,2637.512345,2959.311008,3457.596529,3430.543799,3518.658405,3554.213422,4067.7,4216.6,4202.5,4271.0,4167.6,4207.0,4115.5,3881.0,4099.8,4297.3,4657.2,4692.4,4962.0,4818.4,6286.310243,6806.945814,
96,Engineering services,1329.073043,1098.956142,850.1409475,858.2272423,998.9339007,982.9741722,1065.083584,1092.970655,1375.497252,1576.176712,1757.146734,1844.145563,1845.086267,1965.904523,2250.66097,2431.220027,2323.882562,2301.975435,2396.797985,2413.313028,2575.165225,2878.131027,3453.731051,3523.43133,3504.303158,3163.301921,
97,Software publishing,176.5,363.9,345.9,375.4,480.2,520.6,696.4,882.7,1132.8,1240.3,1024.4,998.2,870.6,861.6,924.6,854.4,969.4,1050.8,999.4,1040.1,1061.4,1176.5,1316.4,1523.3,1570.65759,1551.967002,
98,Other computer and related services,772.1423432,895.5492932,994.7821452,1172.13139,1219.040948,1315.754237,1415.876271,1495.034463,1479.002825,1532.633898,1816.6,1915.2,2272.9,2251.6,2465.4,2793.7,2878.4,3342.0,3901.2,4496.7,4750.2,5227.5,5876.3,6579.7,7898.535694,9495.884675,
99,"Data processing, hosting and related services, internet broadcasting and web search portals",155.1423432,152.6492932,146.5821452,150.2313897,146.1409479,157.1542373,174.0762712,179.8344633,187.0028249,195.9338983,205.1,207.4,274.8,262.9,279.4,366.7,390.5,435.7,453.1,517.3,508.2,582.3,613.0,672.5,643.1482578,706.8110629,
100,Computer systems and video game design and Development services,617,733.6,835.5,985.5,1042.3,1120.5,1182.3,1235.5,1195.8,1228.3,1479.9,1557.0,1840.5,1824.2,1995.5,2194.4,2258.0,2620.2,3129.8,3670.4,3922.5,4289.3,4815.0,5415.5,6589.43203,8039.690917,
101,Other services,338.7722868,480.1876956,425.9427067,496.1069687,557.0541069,586.1418965,668.5154043,765.5240173,863.1292373,1068.689409,1316.863075,1392.37373,1304.397047,1409.477098,1516.543016,1581.042006,1769.852617,1870.316205,1840.028122,1729.480176,1997.934504,2246.789215,2232.257815,3010.290733,3743.122605,5379.342128,
102,"Architectural, engineering, management, scientific and technical consulting services",187.8462182,231.4426108,191.181706,222.6172442,265.0812729,278.7007638,328.0968792,374.1319983,429.297958,553.0176112,712.4630746,766.2737303,656.9970466,663.6770977,735.6430157,810.9420058,892.2526173,961.9162047,939.1281217,861.7801758,929.4345038,971.1892149,1021.957815,1515.790733,1797.906081,3212.450296,
103,Scientific research and development services,150.9260686,248.7450848,234.7610007,273.4897245,291.972834,307.4411327,340.4185251,391.392019,433.8312793,515.671798,604.4,626.1,647.4,745.8,780.9,770.1,877.6,908.4,900.9,867.7,1068.5,1275.6,1210.3,1494.5,1945.216524,2166.891831,
104,,,,,,,,,,,,,,,,,,,,,,,,,,,,
105,High Technology Sector Total,6367.25327,6581.262776,6585.293402,7390.271623,7457.737659,7665.457634,8600.16018,9064.888929,9868.817014,10621.39007,11567.37831,11837.53881,11853.5036,12240.45624,13079.76983,13800.36774,13997.90607,14855.01036,15464.86575,16463.87144,17707.75826,19222.03435,21146.49448,22479.54102,26271.57345,30113.62342,
106,,,,,,,,,,,,,,,,,,,,,,,,,,,,
107,BC Industrial Aggregate,108374,109429.0,114982.0,125348.0,127503.0,131585.0,138850.0,151109.0,162978.0,175598.0,184641.0,191671.0,183210.0,191120.0,202278.0,206717.0,214197.0,225860.0,231727.0,243319.0,260221.0,274395.0,286181.0,287204.0,330674.0,367723.0,
108,,,,,,,,,,,,,,,,,,,,,,,,,,,,
109,High Technology as a % of Total,5.875259075,6.014185249,5.727238526,5.895803382,5.849068382,5.825479829,6.193849608,5.998907364,6.055306246,6.048696494,6.26479401,6.175967573,6.469899899,6.404592004,6.466234505,6.675971373,6.53506168,6.577087734,6.673743566,6.76637313,6.804892096,7.005242206,7.389202805,7.827029226,7.944856096,8.189214006,
110,,,,,,,,,,,,,,,,,,,,,,,,,,,,
111,% change from previous year,,,,,,,,,,,,,,,,,,,,,,,,,,,
112,INDUSTRY,,1998.0,1999.0,2000.0,2001.0,2002.0,2003.0,2004.0,2005.0,2006.0,2007.0,2008.0,2009.0,2010.0,2011.0,2012.0,2013.0,2014.0,2015.0,2016.0,2017.0,2018.0,2019.0,2020.0,2021.0,2022.0,
113,,,,,,,,,,,,,,,,,,,,,,,,,,,,
114,High Technology Manufacturing,,-1.344350886,25.01283998,43.02001896,-9.727550238,-21.09574838,0.610986382,9.948545329,1.667348302,8.038414712,3.284252565,-8.685525104,-5.072948253,7.967762798,5.798194321,9.287829424,-0.194261899,3.300375594,6.896746029,2.884568113,7.132301164,14.66797906,9.460201099,-4.604636628,6.805615902,22.29303702,
115,Pharmaceutical and Medicine manufacturing,,-4.827586207,77.17391304,54.19222904,6.100795756,-53.75,5.135135135,88.1748072,-12.43169399,-22.15288612,48.89779559,5.248990579,48.9769821,1.287553648,-6.779661017,22.72727273,-6.296296296,13.04347826,1.398601399,17.10344828,3.062426384,47.88571429,9.775888717,-1.795142555,29.67608664,19.36510911,
116,Aerospace Products and Parts manufacturing,,-14.78382148,9.165302782,-59.22038981,347.7941176,7.060755337,2.760736196,-19.25373134,9.242144177,27.15736041,-5.588822355,4.087385483,-43.46648612,-7.425149701,39.19793014,38.28996283,14.24731183,9.823529412,13.92608463,18.33568406,-2.145411204,-1.745838408,-0.702479339,-22.13899293,-38.10766678,65.88647898,
117,Medical Equipment and Supplies manufacturing,,6.376811594,31.74386921,13.65046536,-13.28480437,27.07240294,15.02890173,6.676238335,-0.740242261,6.237288136,3.318442884,-13.52686844,12.0,-9.757653061,8.268551237,7.506527415,5.282331512,-7.670126874,3.810118676,-0.661853189,36.6444579,5.939716312,-0.125523013,19.56430666,33.31554112,-8.896522511,
118,"Computer, electronic product, electrical equipment, appliance and component manufacturing",,1.955032795,28.00549183,54.29132986,-24.0401563,-29.19195187,-0.111028052,10.60598982,3.999915701,6.883920398,2.007778812,-11.71538779,-7.063259197,17.27521018,2.750092876,2.636648651,-5.083125051,5.36833653,12.69507012,-5.566307865,-1.426248895,15.20841652,18.25538876,-7.969045088,3.527509854,26.26841657,
119,Chemical and machinery manufacturing,,-15.73272793,-9.38267828,54.00038833,43.34274108,-10.83118399,-11.92020958,17.44914063,-5.32825331,13.55652232,3.374688386,-7.035445553,-2.363926744,0.921015804,11.28571151,13.73901237,8.324012673,-6.466209313,-17.24587288,19.99016163,35.20317348,13.70644613,-3.121223025,0.403254902,-0.974387494,35.46720414,
120,,,,,,,,,,,,,,,,,,,,,,,,,,,,
121,High Technology Services,,4.065622002,-3.480433651,6.562185632,3.538353673,7.922784059,14.01547159,4.772933855,9.917445383,7.570177164,9.667145404,3.73993245,0.719002966,2.76724653,6.974464747,5.094202459,1.617093223,6.439771791,3.801456895,6.860730771,7.600911214,7.894044903,10.07474496,7.543036086,17.88283746,13.92423806,
122,Motion picture production & post-production,,44.97907167,46.07711821,4.776316872,9.075910249,5.793776319,-4.152170588,-1.420699941,33.72368109,16.74064553,-27.93956826,-0.070432348,-19.05432828,14.55335326,79.84151805,12.51130766,1.962509216,79.86402249,-29.6452922,32.073319,7.363415898,8.683266632,11.45288165,-15.7221402,10.76835027,-3.958011286,
123,Telecommunications,,-1.502266154,-1.66368344,2.551808733,-5.852140862,12.20171129,16.84922583,-0.762830581,2.56752584,1.031903172,14.44678193,3.660843714,-0.33656467,1.633808176,-2.424185698,0.956834532,-2.161571534,-5.649566632,5.586434049,4.840006824,8.361421697,0.774412219,5.766651766,-2.940466127,30.44981172,8.272289208,
124,Pay and Specialty Television,,6.761078118,17.03038083,12.17550274,15.18904824,21.92982456,133.3333333,100.0,0.0,57.14285714,13.63636364,4.166666667,-4.0,8.333333333,-7.692307692,20.83333333,17.24137931,52.94117647,-32.69230769,31.42857143,-4.347826087,20.45454545,24.52830189,-37.87878788,12.97382649,-4.979360661,
125,Other Telecommunications,,-1.502694802,-1.664734524,2.551164765,-5.853680967,12.20084009,16.8378896,-0.782414307,2.568531731,1.010470821,14.4472635,3.660545271,-0.334392639,1.629982153,-2.420978694,0.945388233,-2.174946518,-5.697971085,5.637722237,4.817308161,8.375026179,0.755818947,5.745460745,-2.893994357,30.46468212,8.282053389,
126,Engineering services,,-17.31408991,-22.64104861,0.951171078,16.39503519,-1.597676124,8.35316064,2.61829885,25.84942196,14.58959369,11.481582,4.951141972,0.051010282,6.548108776,14.48475466,8.02249028,-4.414963003,-0.942695136,4.119181688,0.689046088,6.706639178,11.76490733,19.99909033,2.018115411,-0.542884771,-9.730928551,
127,Software publishing,,106.1756374,-4.94641385,8.528476438,27.91688865,8.413161183,33.76872839,26.75186674,28.33352215,9.489759887,-17.40707893,-2.55759469,-12.78300942,-1.033769814,7.311977716,-7.592472421,13.45973783,8.396946565,-4.89151123,4.072443466,2.047880012,10.84416808,11.89120272,15.71710726,3.108881374,-1.189984873,
128,Other computer and related services,,15.98240934,11.0806689,17.8279481,4.002073367,7.933555435,7.609478356,5.590756318,-1.072325676,3.626164369,18.52797997,5.427722118,18.67690058,-0.937128778,9.495469888,13.31629756,3.031821599,16.10617009,16.73249551,15.26453399,5.637467476,10.04799798,12.41128647,11.97011725,20.04400952,20.22335585,
129,"Data processing, hosting and related services, internet broadcasting and web search portals",,-1.60694365,-3.974566714,2.489555967,-2.722761087,7.53607359,10.76778723,3.307855833,3.986088902,4.775902959,4.678160224,1.121404193,32.4975892,-4.330422125,6.276150628,31.24552613,6.490319062,11.57490397,3.99357356,14.1690576,-1.759133965,14.58087367,5.272196462,9.706362153,-4.364571333,9.89862048,
130,Computer systems and video game design and Development services,,18.89789303,13.89040349,17.95332136,5.763571791,7.502638396,5.515394913,4.499703967,-3.213273978,2.717845794,20.48359521,5.209811474,18.20809249,-0.885628905,9.390417717,9.96742671,2.898286548,16.04074402,19.44889703,17.27266918,6.868461203,9.351179095,12.25607908,12.47144341,21.67726028,22.00886024,
131,Other services,,41.74349978,-11.29662202,16.47269948,12.28508003,5.221717113,14.05350961,14.51105127,12.75011858,23.81568866,23.2222443,5.734131152,-6.318467654,8.055833265,7.596144562,4.25302741,11.94216288,5.676381549,-1.619409752,-6.007948715,15.52225528,12.45559905,-0.646762942,34.85407971,24.34422244,43.71268844,
132,"Architectural, engineering, management, scientific and technical consulting services",,23.20855486,-17.39563199,16.44275433,19.07490536,5.137854819,17.72371009,14.03095305,14.74505254,28.81906397,28.83189616,7.552764165,-14.26078951,1.016755131,10.84351383,10.23580576,10.02668637,7.807608077,-2.369029952,-8.236144153,7.850531936,4.49248559,5.227467438,48.32224099,18.611761,78.67731408,
133,Scientific research and development services,,64.81253841,-5.62185344,16.49708584,6.758246417,5.297855441,10.72640869,14.97377206,10.84315933,18.86459614,17.20633207,3.590337525,3.402012458,15.19925857,4.706355591,-1.383019593,13.95922607,3.509571559,-0.825627477,-3.685203685,23.14163882,19.38231165,-5.119159611,23.48178138,30.15834886,11.39591943,
134,,,,,,,,,,,,,,,,,,,,,,,,,,,,
135,High Technology Sector Total,,3.361096182,0.06124396,12.22387785,0.912903333,2.785294731,12.19369529,5.403722009,8.868592777,7.625767657,8.906444761,2.335537851,0.134865846,3.26445789,6.856881624,5.509255281,1.431398988,6.123089309,4.105385203,6.459840643,7.555251074,8.551483857,10.01174014,6.303865359,16.86881607,14.62436188,
136,,,,,,,,,,,,,,,,,,,,,,,,,,,,
137,BC Industrial Aggregate,,0.973480724,5.074523207,9.015324138,1.719213709,3.201493298,5.521146027,8.828952107,7.854595027,7.743376407,5.149830864,3.807388392,-4.41433498,4.317449921,5.838216827,2.194504593,3.618473565,5.444987558,2.597626848,5.002438214,6.946436571,5.446908589,4.295267771,0.357466079,15.13558307,11.2040862,
138,,,,,,,,,,,,,,,,,,,,,,,,,,,,
139,1. Note that Statistics Canada data for British Columbia's film industry are understated. Efforts are under way by Statistics Canada to better capture the true nature of the industry.,,,,,,,,,,,,,,,,,,,,,,,,,,,
140,,,,,,,,,,,,,,,,,,,,,,,,,,,,
141,Source: BC Stats and Statistics Canada,,,,,,,,,,,,,,,,,,,,,,,,,,,
142,,,,,,,,,,,,,,,,,,,,,,,,,,,,
143,Definition:,,,,,,,,,,,,,,,,,,,,,,,,,,,
144,"Gross Domestic Product is the total value of an industry's output, minus the value of any intermediate inputs purchased from other industries (domestic or foreign). It is measured at basic prices, meaning it includes taxes on production and excludes any subsidy on production. ",,,,,,,,,,,,,,,,,,,,,,,,,,,
145,Current prices mean that the price valuation refers to the period of observation. This means period to period changes reflect both changes in price as well as changes in quantity produced.,,,,,,,,,,,,,,,,,,,,,,,,,,,
146,,,,,,,,,,,,,,,,,,,,,,,,,,,,
147,,,,,,,,,,,,,,,,,,,,,,,,,,,,
148,"B.C. Gross Domestic Product (GDP) at Basic Prices, Selected Industries",,,,,,,,,,,,,,,,,,,,,,,,,,,
149,,,,,,,,,,,,,,,,,,,,,,,,,,,,
150,Chained 2017 $ million1,,,,,,,,,,,,,,,,,,,,,,,,,,,
151,,1997,1998.0,1999.0,2000.0,2001.0,2002.0,2003.0,2004.0,2005.0,2006.0,2007.0,2008.0,2009.0,2010.0,2011.0,2012.0,2013.0,2014.0,2015.0,2016.0,2017.0,2018.0,2019.0,2020.0,2021.0,2022.0,
152,Goods-producing industries,39202.9,38082.0,40200.6,44067.5,42538.1,43211.2,44166.5,47600.6,50947.8,52520.9,52318.9,51683.4,46991.8,49663.9,51856.4,53892.1,54190.5,57277.2,57975.2,59155.2,61083.5,64063.8,64966.1,63937.5,68265.2,70726.8,
153,"Agriculture, forestry, fishing and hunting",5369,5409.3,5287.4,5155.0,5373.2,5365.7,5535.1,5966.3,6044.7,6029.1,6000.9,5488.4,4970.6,5401.5,5860.6,5869.4,6213.3,6218.0,6471.2,6198.9,6272.1,6659.8,6108.6,6085.9,6169.0,6058.6,
154,   Crop and animal production,1540,1601.1,1713.1,1668.1,1968.4,1940.0,2075.0,2206.2,2280.3,2363.5,2490.4,2398.4,2516.5,2568.1,2642.5,2642.0,2796.2,2778.3,2957.9,2906.6,2912.5,3065.4,3196.8,3182.4,3168.3,3233.0,
155,   Forestry and logging,2895.6,2939.3,2764.3,2568.0,2535.1,2590.7,2564.2,2904.2,2884.4,2755.9,2588.7,2283.3,1571.3,1930.7,2284.3,2342.8,2532.3,2490.3,2481.2,2275.3,2318.9,2432.9,1881.5,1847.3,1860.5,1747.5,
156,"   Fishing, hunting and trapping",412.5,275.7,214.5,237.0,196.4,243.6,239.5,266.9,254.5,284.2,226.9,194.4,203.1,235.4,223.3,194.8,224.2,254.5,254.2,226.4,214.4,270.8,196.7,210.0,211.7,190.3,
157,   Support activities for agriculture and forestry,776.1,807.8,761.8,858.3,792.9,722.8,774.3,735.1,759.4,743.0,761.1,656.8,662.5,680.4,760.8,743.5,734.8,769.6,803.9,790.5,826.4,889.5,875.5,890.6,960.8,963.5,
158,"Mining, oil and gas extraction",7548.3,7420.0,7566.3,8342.2,9355.4,8618.0,8466.6,8865.1,9910.4,9940.0,8657.5,8904.1,7973.1,9070.6,9737.0,9445.8,9705.8,10276.9,9953.8,10213.2,10369.7,11193.6,10664.1,9623.1,10947.4,11366.5,
159,Utilities,3629.2,3790.2,4039.1,4708.9,3365.1,4104.8,4033.5,4052.3,4584.1,3888.1,4855.5,4842.8,4742.9,4588.1,5016.5,5080.6,4992.1,5043.8,5322.1,5562.8,5573.7,5644.7,5697.7,5860.9,5913.8,6166.2,
160,Construction,10815.5,9667.7,9528.6,9347.9,9504.5,10135.0,10952.2,12332.0,13330.2,14597.0,15485.5,16299.1,15396.5,15780.9,15878.7,17796.8,17693.1,19248.5,19185.2,19412.3,20810.3,22275.0,24597.3,25464.3,27507.4,28811.2,
161,Manufacturing,12111.1,11953.7,13571.8,15925.4,14767.1,14804.2,15005.5,16206.8,16927.1,17877.8,17701.4,16284.0,14029.9,14858.5,15368.8,15822.7,15747.4,16612.6,17063.2,17786.6,18057.7,18315.4,17866.5,16752.5,17516.2,18089.0,
162,   Non-durable manufacturing,5115.8,4806.2,5701.5,6317.2,6414.4,6284.2,6399.7,6505.3,6547.3,6801.0,6776.7,6623.6,6054.4,6288.5,6254.0,6217.0,5979.6,6529.0,6712.9,7041.4,7034.4,6864.7,7096.9,6982.2,7418.1,7776.4,
163,   Durable manufacturing,7082.4,7186.7,7964.0,9649.7,8464.5,8604.2,8697.1,9719.7,10353.1,11037.7,10888.5,9639.8,7939.5,8542.1,9102.9,9608.1,9783.2,10083.7,10350.2,10744.1,11023.3,11457.5,10739.7,9738.4,10076.3,10297.5,
164,Service-producing industries,114770.6,117433.9,120450.7,124022.9,126619.8,132404.6,135830.8,139694.0,145234.8,152780.9,159126.0,161083.7,160595.7,163455.9,167312.7,170887.4,176005.2,181081.0,185907.6,191886.3,199136.8,206040.8,212864.6,205288.6,219929.7,228586.4,
165,Wholesale trade,5707.3,6077.2,6191.7,6395.3,6557.7,7037.9,7374.1,7589.0,7793.9,8198.2,8832.4,8632.6,7908.6,8126.9,8427.4,9166.8,9468.8,9743.5,9472.9,9830.1,10161.4,10416.4,10766.6,10821.7,11638.3,11381.5,
166,Retail trade,7902,8193.5,8364.2,8803.4,9167.5,9516.3,9814.9,10312.3,10919.9,11828.7,12405.7,12532.7,12255.5,12715.3,12791.5,12805.2,13604.6,13785.2,14213.6,14867.5,15411.9,15915.2,16283.6,16092.2,17349.4,17128.8,
167,Transportation and warehousing,8956.2,9012.0,9293.8,9908.6,9884.5,10025.6,10069.8,10393.3,11268.4,11378.2,11440.6,11202.9,11201.4,11461.2,11809.1,12066.4,12670.9,13351.9,13868.6,14113.9,15589.2,15906.8,16049.5,11820.8,12331.7,13881.7,
168,Information and cultural services,3888.2,4099.2,4351.8,4659.8,4760.1,5491.5,6073.5,6261.7,6735.1,6955.9,7037.6,7082.6,6732.8,6733.0,6777.5,6893.4,6995.1,7400.1,7484.9,7849.6,8262.4,8632.5,9210.9,9032.8,9660.7,10036.9,
169,Finance and insurance,9159.5,8676.9,9296.1,9067.2,8963.8,9149.6,9474.1,10011.0,10332.9,11354.9,11898.3,11631.6,11439.8,11960.7,12281.5,12211.8,12658.1,12967.0,13459.0,13931.1,14886.5,15367.0,15527.8,16370.2,16954.1,17208.4,
170,Real estate and rental and leasing,22720.4,23308.6,24025.1,24702.7,25483.1,27008.6,27832.8,28793.1,30207.1,31442.9,33148.6,33870.5,35104.8,36320.2,37429.3,38912.1,40294.0,41906.8,43611.8,45355.5,46665.1,47785.8,49684.3,51568.6,54404.4,54549.5,
171,"Professional, scientific and technical services",7583.8,8288.2,8214.5,8741.1,8926.3,9124.5,9434.3,9867.2,10352.2,11267.1,12261.2,12722.6,11960.9,11990.0,12626.9,13205.6,14097.2,15003.5,15424.8,16203.3,16945.7,18039.6,19148.4,19537.7,21769.8,23432.0,
172,Management of companies and enterprises,905.2,1005.8,942.9,979.0,1065.7,1157.3,1106.4,1142.3,1138.0,1228.0,1258.3,1340.1,1292.3,1246.7,1280.0,1273.8,1348.8,1239.4,1272.2,1077.5,934.1,728.4,609.8,429.5,311.5,243.0,
173,"Administration and support, waste mgmt.",3903,3978.5,3952.3,3847.9,3968.8,4240.3,4352.8,4748.2,5330.6,5789.3,6270.6,6284.6,5835.6,5753.8,5703.7,6006.8,5964.0,6203.8,6473.4,6802.3,6771.6,6988.1,7058.7,6014.8,6464.2,7004.2,
174,Education,8658.5,9024.3,9186.0,9215.2,9328.0,9657.2,9811.6,9932.2,10129.9,10550.9,11154.7,11504.5,11639.1,11863.2,12076.1,12346.8,12506.0,12251.4,12787.1,12883.0,13205.0,13910.9,14424.6,14523.8,15149.8,15609.6,
175,Health care and social assistance,13727.7,14072.6,14268.9,14837.6,14954.4,15579.9,15836.8,15374.3,15412.2,16088.4,16104.1,16330.2,16636.2,16487.8,17012.9,17233.6,17332.2,17602.2,17764.5,18249.8,18790.9,19579.0,20308.6,20714.3,22865.3,23625.4,
176,"Arts, entertainment and recreation",1723,1730.7,1873.7,1826.3,1936.4,1973.3,1949.1,2033.9,1958.4,2085.3,2097.3,2062.7,2095.8,2092.0,2065.7,1996.6,2029.2,2154.1,2124.3,2240.8,2492.3,2717.7,2780.3,1903.4,2145.5,2754.8,
177,Accommodation and food services,6221,6166.6,6110.9,6247.9,6309.8,6265.4,6294.3,6555.9,6680.3,6846.0,7021.8,6949.0,6882.4,6955.5,6851.2,6867.8,7038.1,7539.2,7825.8,8174.6,8355.5,8727.1,9151.2,6285.9,7300.9,8757.2,
178,Other services,3989,3971.0,4052.0,4191.6,4446.1,4670.0,4811.7,4902.7,5089.7,5279.7,5312.1,5393.7,5305.8,5180.6,5334.4,5372.1,5516.1,5694.9,5710.1,5758.4,5924.3,6074.1,6203.1,5461.9,6013.8,6557.9,
179,Public administration,10622.6,10640.4,11007.3,11230.4,11460.4,11957.2,11898.3,11946.5,11950.8,12542.9,12891.2,13615.4,14407.6,14590.3,14859.9,14541.2,14461.6,14240.2,14393.3,14561.4,14740.8,15257.1,15671.7,15169.1,16130.8,16750.4,
180,GDP at basic prices,154315.3,155817.4,160987.2,168579.9,169520.4,175973.2,180365.2,187741.7,196743.3,205806.0,211785.8,212989.4,207463.2,213022.3,219107.4,224739.9,230140.6,238305.6,243845.5,251036.3,260220.3,270106.4,277848.2,269189.9,288151.0,299250.4,
181,% change from previous year,,,,,,,,,,,,,,,,,,,,,,,,,,,
182,,,1998.0,1999.0,2000.0,2001.0,2002.0,2003.0,2004.0,2005.0,2006.0,2007.0,2008.0,2009.0,2010.0,2011.0,2012.0,2013.0,2014.0,2015.0,2016.0,2017.0,2018.0,2019.0,2020.0,2021.0,2022.0,
183,Goods-producing industries,,-2.859227251,5.563258232,9.619010662,-3.470584898,1.582346179,2.21076943,7.775350096,7.031844136,3.087670125,-0.384608794,-1.21466621,-9.077576166,5.686311229,4.414675448,3.925648522,0.553698965,5.69601683,1.218634989,2.035353048,3.259730336,4.879058993,1.408439712,-1.583287284,6.768641251,3.605936846,
184,"Agriculture, forestry, fishing and hunting",,0.750605327,-2.253526334,-2.504066271,4.232783705,-0.139581627,3.157090408,7.790283825,1.314047232,-0.258077324,-0.467731502,-8.540385609,-9.434443554,8.668973565,8.499490882,0.150155274,5.859201963,0.075644183,4.07204889,-4.207874892,1.180854668,6.181342772,-8.276524821,-0.371607242,1.365451289,-1.789593127,
185,   Crop and animal production,,3.967532468,6.995190806,-2.626816882,18.00251783,-1.44279618,6.958762887,6.322891566,3.358716345,3.648642722,5.369155913,-3.694185673,4.924116077,2.050466918,2.897083447,-0.018921476,5.836487509,-0.640154495,6.464384696,-1.734338551,0.202986307,5.249785408,4.286553142,-0.45045045,-0.44306184,2.042104599,
186,   Forestry and logging,,1.509186352,-5.953798523,-7.101255291,-1.281152648,2.193207369,-1.022889567,13.25949614,-0.681771228,-4.454999307,-6.066983563,-11.79742728,-31.18293698,22.8727805,18.31460092,2.560959594,8.088611917,-1.658571259,-0.365417821,-8.298403998,1.916230827,4.916124024,-22.66431008,-1.817698645,0.71455638,-6.073636119,
187,"   Fishing, hunting and trapping",,-33.16363636,-22.19804135,10.48951049,-17.13080169,24.03258656,-1.683087028,11.44050104,-4.645934807,11.66994106,-20.16185785,-14.32349052,4.475308642,15.90349581,-5.140186916,-12.76309897,15.09240246,13.514719,-0.117878193,-10.93627065,-5.300353357,26.30597015,-27.3633678,6.761565836,0.80952381,-10.10864431,
188,   Support activities for agriculture and forestry,,4.08452519,-5.694478831,12.66736676,-7.619713387,-8.840963552,7.125069175,-5.062637221,3.305672698,-2.159599684,2.436069987,-13.70384969,0.867844093,2.701886792,11.81657848,-2.273922187,-1.170141224,4.73598258,4.456860707,-1.666873989,4.541429475,7.63552759,-1.573917931,1.724728726,7.882326521,0.28101582,
189,"Mining, oil and gas extraction",,-1.699720467,1.971698113,10.25468194,12.14547721,-7.882078799,-1.756788118,4.706729974,11.79118115,0.298676138,-12.90241449,2.848397343,-10.45585741,13.76503493,7.34681278,-2.990654206,2.752546105,5.884110532,-3.143944186,2.606039904,1.532330709,7.945263605,-4.730381647,-9.761723915,13.76167763,3.828306265,
190,Utilities,,4.436239392,6.566935782,16.58290213,-28.53745036,21.98151615,-1.73699084,0.466096442,13.1234114,-15.18291486,24.8810473,-0.261559057,-2.062856199,-3.263825929,9.337198405,1.277783315,-1.741920246,1.035636305,5.517665252,4.522650833,0.195944488,1.27383964,0.938933867,2.86431367,0.902591752,4.267983361,
191,Construction,,-10.61254681,-1.438811713,-1.896396113,1.675242568,6.633699826,8.063147509,12.59838206,8.094388583,9.50323326,6.086867164,5.253947241,-5.537729077,2.496671321,0.619736517,12.07970426,-0.582689023,8.790997621,-0.328856794,1.183724955,7.201619592,7.03834159,10.42558923,3.52477711,8.023389608,4.739815468,
192,Manufacturing,,-1.29963422,13.53639459,17.34184117,-7.273286699,0.251234162,1.35974926,8.005731232,4.444430733,5.616437547,-0.986698587,-8.007276261,-13.84242201,5.90595799,3.434397819,2.953386081,-0.475898551,5.494240319,2.712399022,4.23953303,1.524181125,1.427092044,-2.450942922,-6.23513279,4.558722579,3.270115664,
193,   Non-durable manufacturing,,-6.0518394,18.62802214,10.79891257,1.538656367,-2.029807932,1.837942777,1.650077347,0.645627411,3.874879721,-0.357300397,-2.259211711,-8.593514101,3.866609408,-0.548620498,-0.591621362,-3.818562007,9.187905546,2.816664114,4.89356314,-0.099412049,-2.412430342,3.382522179,-1.616198622,6.24301796,4.830077783,
194,   Durable manufacturing,,1.472664633,10.81581254,21.16649925,-12.28224712,1.650422352,1.07970526,11.7579423,6.516662037,6.612512194,-1.351730886,-11.46806263,-17.63833275,7.589898608,6.565130354,5.549879709,1.822420666,3.071592117,2.642879102,3.805723561,2.59863553,3.938929359,-6.264891992,-9.323351676,3.469769161,2.195250241,
195,Service-producing industries,,2.32054202,2.568934524,2.965694678,2.0938875,4.568637764,2.587674446,2.844126663,3.966383667,5.195793295,4.15307149,1.23028292,-0.302948095,1.780994136,2.359535508,2.13653835,2.994837536,2.883892067,2.665437014,3.215952441,3.778539687,3.466963414,3.311868329,-3.559069944,7.131959592,3.936121406,
196,Wholesale trade,,6.481173234,1.884091358,3.288273011,2.539364846,7.322689358,4.776993137,2.914253943,2.699960469,5.187390138,7.735844454,-2.26212581,-8.386812779,2.760286271,3.69759687,8.773761777,3.294497535,2.901106793,-2.777236106,3.770756579,3.37026073,2.509496723,3.362006067,0.511767875,7.545949343,-2.206507823,
197,Retail trade,,3.688939509,2.08335876,5.250950479,4.135902038,3.804745023,3.137774135,5.067805072,5.891993057,8.322420535,4.877966302,1.023722966,-2.211813895,3.751784913,0.599278035,0.107102373,6.242776372,1.327492172,3.107680701,4.600523442,3.661678157,3.265658355,2.314768272,-1.175415756,7.812480581,-1.271513712,
198,Transportation and warehousing,,0.62303209,3.126941855,6.615162797,-0.243223059,1.42748748,0.440871369,3.212576218,8.419847402,0.974406304,0.548417149,-2.077688233,-0.01338939,2.319352938,3.035458765,2.178828192,5.009779222,5.374519568,3.869861218,1.768743781,10.45281602,2.03730788,0.897100611,-26.3478613,4.322042501,12.56923214,
199,Information and cultural services,,5.426675583,6.162177986,7.077531137,2.152452895,15.36522342,10.59819721,3.0987075,7.560247217,3.27834776,1.174542475,0.63942253,-4.938864259,0.002970532,0.660923808,1.710070085,1.475324223,5.789767123,1.14593046,4.872476586,5.258866694,4.47932804,6.700260643,-1.933578695,6.95133292,3.894127755,
200,Finance and insurance,,-5.268846553,7.136189192,-2.46232291,-1.140374096,2.072781633,3.54660313,5.667029058,3.215462991,9.890737354,4.785599169,-2.241496684,-1.648956291,4.553401283,2.682117267,-0.567520254,3.654661884,2.440334647,3.794246935,3.507690022,6.858037054,3.227756692,1.046398126,5.425108515,3.566847076,1.49993217,
201,Real estate and rental and leasing,,2.588862872,3.073972697,2.820383682,3.159168836,5.986320346,3.051620595,3.450245753,4.910898792,4.091091167,5.424754078,2.177769197,3.644174134,3.462204599,3.053672612,3.961602274,3.551337502,4.002581029,4.06855212,3.998229837,2.88741167,2.401580624,3.972937567,3.792546136,5.499082775,0.266706369,
202,"Professional, scientific and technical services",,9.288219626,-0.889215994,6.410615375,2.118726476,2.220404871,3.395254534,4.588575729,4.91527485,8.837734974,8.823033434,3.763090073,-5.986983793,0.243292729,5.311926606,4.583072646,6.751681105,6.428936243,2.808011464,5.047067061,4.581782723,6.45532495,6.146477749,2.033068037,11.42457915,7.635348051,
203,Management of companies and enterprises,,11.11356606,-6.253728375,3.828613851,8.855975485,8.595289481,-4.39816815,3.244757773,-0.376433511,7.908611599,2.46742671,6.500834459,-3.566897993,-3.528592432,2.671051576,-0.484375,5.887894489,-8.110913405,2.646441827,-15.30419745,-13.30858469,-22.02119687,-16.28226249,-29.56707117,-27.47380675,-21.99036918,
204,"Administration and support, waste mgmt.",,1.934409429,-0.658539651,-2.641499886,3.141973544,6.840858698,2.653114166,9.083808124,12.26570069,8.60503508,8.313613045,0.223264121,-7.144448334,-1.401741038,-0.87072891,5.31409436,-0.712525804,4.020791415,4.345723589,5.080792165,-0.451317937,3.197176443,1.01028892,-14.78884214,7.471570127,8.353701928,
205,Education,,4.224750245,1.791828729,0.317875027,1.224064589,3.52915952,1.598807108,1.229157324,1.99049556,4.156013386,5.722734553,3.135897873,1.169976966,1.925406604,1.794625396,2.241617741,1.289402922,-2.035822805,4.372561503,0.749974584,2.499417837,5.345702385,3.69278767,0.687714044,4.310166761,3.035023565,
206,Health care and social assistance,,2.512438355,1.394909256,3.985591041,0.787189303,4.182715455,1.648919441,-2.920413215,0.246515289,4.387433332,0.097585838,1.403990288,1.873828857,-0.892030632,3.184779049,1.29725091,0.572138149,1.557794163,0.922043835,2.731852853,2.964964,4.194051376,3.726441596,1.997675861,10.38413077,3.324251158,
207,"Arts, entertainment and recreation",,0.446894951,8.262552724,-2.529753963,6.02858238,1.905598017,-1.226372067,4.350725976,-3.71208024,6.479779412,0.575456769,-1.649740142,1.604692878,-0.181315011,-1.257170172,-3.345113037,1.632775719,6.155135029,-1.383408384,5.484159488,11.22367012,9.043855074,2.303418332,-31.5397619,12.71934433,28.3989746,
208,Accommodation and food services,,-0.874457483,-0.903253008,2.241895629,0.990732886,-0.703667311,0.461263447,4.156141271,1.897527418,2.480427526,2.567922875,-1.036771198,-0.958411282,1.06212949,-1.499532744,0.242293321,2.479687819,7.119819269,3.801464346,4.457052314,2.212952316,4.447369996,4.859575346,-31.31064778,16.14725019,19.94685587,
209,Other services,,-0.451240913,2.039788466,3.445212241,6.071667144,5.035874137,3.034261242,1.891223476,3.814224815,3.733029452,0.613671231,1.53611566,-1.62967907,-2.359681858,2.968768096,0.706733653,2.680515999,3.241420569,0.266905477,0.845869599,2.881008614,2.528568776,2.123771423,-11.94886428,10.10454238,9.047524028,
210,Public administration,,0.167567262,3.44817864,2.026836736,2.048012537,4.334927228,-0.492590239,0.405099888,0.035993806,4.954480035,2.776869783,5.617785776,5.818411505,1.268080735,1.847802992,-2.144698147,-0.547410117,-1.530950932,1.075125349,1.167904511,1.232024393,3.502523608,2.717423364,-3.207054755,6.339861956,3.841099016,
211,GDP at basic prices,,0.973396676,3.317857954,4.716337696,0.557895692,3.806503524,2.495834593,4.089757891,4.794672681,4.606357624,2.90555183,0.568310057,-2.594589214,2.679559556,2.856555393,2.57065713,2.403089082,3.547831195,2.324704077,2.948916425,3.658435055,3.799127124,2.866203837,-3.116197981,7.043763529,3.85193874,
212,,,,,,,,,,,,,,,,,,,,,,,,,,,,
213,"1. Note that for chained data, the aggregates are not equal to the sum of their components and, therefore, the sum of the industries will not necessarily equal the ""all industries"" total.",,,,,,,,,,,,,,,,,,,,,,,,,,,
214,,,,,,,,,,,,,,,,,,,,,,,,,,,,
215,Source: Statistics Canada,,,,,,,,,,,,,,,,,,,,,,,,,,,
216,,,,,,,,,,,,,,,,,,,,,,,,,,,,
217,Definition:,,,,,,,,,,,,,,,,,,,,,,,,,,,
218,"Gross Domestic Product is the total value of an industry's output, minus the value of any intermediate inputs purchased from other industries (domestic or foreign). It is measured at basic prices, meaning it includes taxes on production and excludes any subsidy on production. ",,,,,,,,,,,,,,,,,,,,,,,,,,,
219,"Constant dollars mean that the price in each observation year has been adjusted (chained) to reflect that of the base year (in this case, 2012). This adjustment eliminates the changes in purchasing power over time. Period to period changes in the series reflect only changes in produced quantity, not prices.",,,,,,,,,,,,,,,,,,,,,,,,,,,
220,,,,,,,,,,,,,,,,,,,,,,,,,,,,
221,,,,,,,,,,,,,,,,,,,,,,,,,,,,
222,"High Technology GDP (Constant Dollar) at Basic Prices, by Province",,,,,,,,,,,,,,,,,,,,,,,,,,,
223,,,,,,,,,,,,,,,,,,,,,,,,,,,,
224,Chained 2017 $ million1,,,,,,,,,,,,,,,,,,,,,,,,,,,
225,Province,,1997.0,1998.0,1999.0,2000.0,2001.0,2002.0,2003.0,2004.0,2005.0,2006.0,2007.0,2008.0,2009.0,2010.0,2011.0,2012.0,2013.0,2014.0,2015.0,2016.0,2017.0,2018.0,2019.0,2020.0,2021.0,2022.0
226,Canada,Manufacturing,22039.93955,23467.31197,29308.64311,33524.44679,29611.46242,27004.14828,25989.14669,27230.60773,27877.24316,28391.48802,26544.09734,27514.5328,25553.36323,25386.40426,25243.67528,24796.77603,24106.25709,25615.21879,25369.76055,25164.79987,26197.37653,27011.5611,28052.45042,25270.96711,26024.07952,27313.7032
227,,Services,48875.99086,55264.07292,60201.03917,65045.7703,67123.119,68467.47001,72177.79611,76030.06536,78705.11049,83361.06874,85983.83064,88628.49832,87912.54652,89885.61209,94838.18503,97699.47504,98056.06068,103669.6709,102850.0831,105480.3944,109499.379,115013.7158,124046.7424,126168.5085,134371.692,147115.7442
228,,Total,71069.06805,78753.14547,89829.52593,99009.19638,97067.73879,95731.40805,98349.30247,103445.4806,106759.8936,111897.3537,112576.6394,116195.9573,113487.4411,115276.7232,120077.0625,122496.2511,122163.7369,129287.4669,128220.6169,130611.2996,135663.7085,141980.1171,152028.6078,151313.1033,160264.4092,174268.057
229,,,,,,,,,,,,,,,,,,,,,,,,,,,,
230,British Columbia,Manufacturing,600.9925546,652.2686109,877.5329821,1395.250508,1286.15703,1038.843262,1041.236138,1166.914959,1227.291053,1304.689909,1337.313309,1330.125626,1177.538416,1363.84005,1356.601758,1414.768811,1388.161315,1440.790314,1480.733447,1515.843124,1555.970661,1774.815896,1893.05419,1784.305885,1878.107173,2166.739816
231,,Services,6022.900322,6288.506895,6440.744498,6991.501002,7299.301143,7936.034156,8812.618512,8993.22117,9890.859587,10629.79827,11103.78307,11432.22176,11222.07783,11491.14323,12000.51263,12385.59893,12827.3702,13637.16594,13708.05383,14602.5883,15431.41904,16629.32832,18012.84984,19046.40267,20915.00345,23094.20688
232,,Total,6544.854878,6867.326905,7307.835028,8485.179404,8655.115922,8985.073315,9846.759896,10166.83648,11120.37161,11935.62305,12440.49285,12761.33778,12400.68591,12852.54452,13357.29941,13800.36774,14214.32742,15075.59593,15187.43112,16114.84059,16981.46115,18403.8132,19903.54735,20812.98747,22770.3069,25238.29346
233,,,,,,,,,,,,,,,,,,,,,,,,,,,,
234,Alberta,Manufacturing,1356.702081,1620.699445,1561.337115,2012.733394,1735.101577,1792.188423,1465.888821,1300.906589,1263.624072,1135.453263,1038.87958,1002.658707,890.1124573,803.2642736,908.9225826,965.4628371,964.6552353,1063.149404,1064.515035,917.9544662,1095.121283,1175.282568,1270.071249,1222.862548,1352.737545,1500.213454
235,,Services,6929.786011,8226.651453,8425.648334,9314.21126,10026.08438,10621.93171,11271.94945,12172.61007,12837.49828,14460.30119,15249.7179,16352.0454,15448.20328,15980.71029,17555.81088,18095.65168,19078.7006,21318.11331,19023.99408,17267.26278,16571.97967,16032.01176,16809.80403,17034.76456,16915.57531,17438.55574
236,,Total,8310.019163,9875.047189,10013.93849,11382.94848,11783.02107,12435.43722,12752.38358,13481.40474,14106.4699,15605.93246,16301.09277,17365.23353,16345.1948,16781.93765,18464.17509,19061.11452,20044.29908,22382.76092,20088.04643,18186.00101,17644.15521,17166.30395,18031.25784,18217.80205,18206.27675,18859.51717
237,,,,,,,,,,,,,,,,,,,,,,,,,,,,
238,Saskatchewan,Manufacturing,129.8276602,143.5720316,201.454666,174.5066051,164.7545846,116.1754219,105.1791219,137.3368315,140.4909757,185.8511403,215.897166,237.4101645,224.2894371,205.795103,187.6519584,192.6479244,166.6294694,189.9132209,168.9173439,201.002655,185.4244123,167.1486052,150.2644577,151.2695911,153.8389356,155.5911314
239,,Services,880.2483347,985.0321814,1017.490902,1031.465571,1138.276593,1220.76024,1248.105718,1306.687309,1358.081934,1379.914853,1460.273274,1539.035308,1630.709947,1779.478465,1938.338739,2046.432785,2388.698925,2532.761846,2112.864836,1781.082053,1705.800059,1752.824102,1778.245624,1822.066603,1918.472304,1973.680848
240,,Total,1049.868349,1173.039019,1267.290131,1225.435099,1312.479782,1322.351983,1333.264552,1434.283184,1487.978087,1565.248773,1680.117789,1782.476747,1857.596421,1985.508135,2126.001406,2239.08071,2555.993279,2723.526775,2282.776115,1979.609852,1889.592261,1920.661516,1931.116989,1976.282237,2075.912676,2133.056126
241,,,,,,,,,,,,,,,,,,,,,,,,,,,,
242,Manitoba,Manufacturing,534.4495818,566.8380008,520.2043774,781.7795289,610.9036959,569.6438448,692.6591291,700.7176676,682.9490589,705.0822153,790.6395616,826.9290669,799.883429,840.1344515,903.1081166,938.4840072,985.1902707,1040.298796,1094.836887,1057.04122,1142.137779,1224.253175,1295.603533,1027.616841,1072.830055,1108.671857
243,,Services,874.1155045,999.0081578,1077.477743,1171.225496,1289.777405,1459.473139,1542.791338,1629.349011,1672.62468,1743.806794,1750.018848,1835.747178,1850.28595,1941.789575,2083.251074,2089.280934,2026.475961,2040.223506,2085.754338,2265.704362,2204.382889,2374.179228,2368.586405,2428.683178,2572.390805,2664.075017
244,,Total,1388.068148,1546.685958,1580.436754,1920.733078,1895.071256,2031.200028,2231.627611,2328.095272,2356.309181,2449.958061,2540.524346,2662.570113,2650.546644,2782.305605,2986.729645,3027.764941,3011.136775,3079.819941,3179.484859,3325.252378,3347.307238,3599.382116,3663.526364,3462.861347,3652.336711,3780.103971
245,,,,,,,,,,,,,,,,,,,,,,,,,,,,
246,Ontario,Manufacturing,10405.89006,11192.75806,12973.34618,13438.81919,12249.54695,11734.80746,11110.53725,12568.37216,12872.339,13569.97001,12102.03041,12599.87439,12010.95949,11663.69115,11503.11937,10764.9394,10078.87669,10721.13076,10840.49451,11415.23838,11070.51071,11519.74541,12014.85474,11479.05295,11866.89599,12472.07013
247,,Services,15337.43113,17519.69829,22214.03492,25612.78108,27923.90979,28452.95385,29709.51481,31329.02278,32178.45974,33605.61207,35094.92024,36267.06997,36224.79393,36604.24069,37844.19274,38710.40186,38747.26989,40719.91372,42509.84892,44814.61519,47499.83874,51354.49056,55837.62602,56575.12709,60524.62777,67413.14386
248,,Total,25929.31682,28890.41073,35376.36246,39249.74546,40361.21564,40350.61866,40922.64876,44066.13037,45221.56306,47362.63367,47244.96603,48920.76601,48265.01621,48277.9846,49349.64182,49475.34126,48831.72402,51446.05098,53345.86278,56224.82094,58544.66354,62842.80063,67814.27463,68014.08472,72365.5922,79920.74138
249,,,,,,,,,,,,,,,,,,,,,,,,,,,,
250,Quebec,Manufacturing,8161.175686,8416.444525,12131.87957,14464.11262,12454.69133,10791.01956,10605.28553,10328.59614,10601.30746,10455.26022,10109.45965,10565.15769,9535.456326,9725.822361,9657.049556,9768.572239,9825.705786,10474.99509,10058.75425,9350.071689,10415.05172,10464.92628,10684.99954,8959.158057,9216.930238,9403.253695
251,,Services,10122.23266,11688.50766,13405.69575,14600.07856,15077.55546,15675.27884,16313.70695,16749.27028,16990.81647,17980.1594,17575.9461,17468.53771,17981.65572,18309.09299,19619.08234,19763.66123,19122.70327,19549.38814,20263.95517,21323.68667,22753.02737,24303.77451,26146.99728,27249.35054,29427.01565,32019.24983
252,,Total,18389.49777,20252.77278,25672.26634,29214.91516,27684.67628,26573.36125,27001.08417,27126.12401,27647.6729,28461.09963,27706.70539,28066.87805,27523.10411,28041.34482,29276.33614,29532.23347,28952.81593,30043.82145,30292.76183,30545.46362,33067.12255,34605.28003,36607.06689,35785.56525,38148.76206,40791.554
253,% change from previous year,,,,,,,,,,,,,,,,,,,,,,,,,,,
254,Province,,,1998.0,1999.0,2000.0,2001.0,2002.0,2003.0,2004.0,2005.0,2006.0,2007.0,2008.0,2009.0,2010.0,2011.0,2012.0,2013.0,2014.0,2015.0,2016.0,2017.0,2018.0,2019.0,2020.0,2021.0,2022.0
255,Canada,Manufacturing,,6.476299158,24.89135162,14.38416531,-11.67203264,-8.805083975,-3.758687668,4.776844187,2.374663941,1.844676186,-6.506846998,3.655936936,-7.127758918,-0.653373771,-0.562226033,-1.770341477,-2.784712587,6.259626684,-0.958251566,-0.807893647,4.103257981,3.107885912,3.853495593,-9.915295351,2.98014876,4.955501594
256,,Services,,13.06997964,8.93341006,8.047587208,3.193672236,2.002813679,5.419107938,5.337194333,3.518404356,5.915700044,3.146267121,3.075773271,-0.807812174,2.24435037,5.509861735,3.017023158,0.364982147,5.724898761,-0.790576282,2.55742265,3.810172146,5.035952581,7.853869025,1.71045698,6.501767816,9.484179258
257,,Total,,10.81212633,14.06468324,10.21899021,-1.960886122,-1.376699162,2.734624377,5.181712533,3.204019127,4.812163046,0.607061393,3.214981366,-2.330990044,1.576634451,4.164187774,2.014696698,-0.271448408,5.831296693,-0.825176683,1.864507244,3.868278627,4.655930961,7.077392872,-0.470638102,5.915750694,8.737840083
258,,,,,,,,,,,,,,,,,,,,,,,,,,,,
259,British Columbia,Manufacturing,,8.531895424,34.53552223,58.99693075,-7.818916927,-19.22889365,0.230340362,12.07015557,5.173992588,6.306479295,2.500471536,-0.537471835,-11.471639,15.8212786,-0.530728761,4.287702903,-1.880695687,3.791273973,2.772307152,2.371100414,2.647209148,14.06486896,6.662003305,-5.744595437,5.257018341,15.36827332
260,,Services,,4.409944679,2.420886321,8.551131071,4.402490131,8.723205136,11.04562228,2.049364302,9.98127812,7.470924794,4.459019765,2.957898983,-1.8381723,2.397643348,4.43271304,3.208915397,3.566813922,6.313030064,0.51981396,6.525612453,5.67591671,7.762794,8.319767897,5.737864068,9.810780612,10.41933095
261,,Total,,4.927107364,6.414550084,16.11071365,2.00274514,3.812281618,9.590200887,3.250577742,9.378877409,7.331152841,4.229940895,2.579037116,-2.826129047,3.643819551,3.927275937,3.317050233,2.999627875,6.059157681,0.741829282,6.1064275,5.377779289,8.375910867,8.149040275,4.569236371,9.404317548,10.8386179
262,,,,,,,,,,,,,,,,,,,,,,,,,,,,
263,Alberta,Manufacturing,,19.45875722,-3.662759918,28.91087871,-13.7937701,3.290115516,-18.20676881,-11.25475749,-2.865887333,-10.1431123,-8.505297964,-3.486532327,-11.22478159,-9.756990033,13.15361737,6.220579794,-0.083649186,10.21029739,0.128451473,-13.76782512,19.3001748,7.319854553,8.065182236,-3.717011973,10.62057191,10.90203416
264,,Services,,18.7143649,2.418929292,10.54592942,7.642870615,5.942971501,6.119581214,7.990282588,5.4621664,12.64111492,5.459199596,7.228510767,-5.527394861,3.447048169,9.856261502,3.074997804,5.432514562,11.7377633,-10.76136148,-9.234292727,-4.026597111,-3.258318713,4.851495121,1.338269792,-0.699682401,3.091709443
265,,Total,,18.83302548,1.406487474,13.6710445,3.514665782,5.536917403,2.548735189,5.716744234,4.636498773,10.62960876,4.454461844,6.528033282,-5.874028304,2.671995403,10.02409537,3.232960217,5.158064401,11.66646851,-10.25215119,-9.468543534,-2.979466469,-2.70826941,5.038672796,1.034560158,-0.063263949,3.587995684
266,,,,,,,,,,,,,,,,,,,,,,,,,,,,
267,Saskatchewan,Manufacturing,,10.586628,40.31609341,-13.37673704,-5.588338903,-29.48577294,-9.465255018,30.5742328,2.296648415,32.28688847,16.16671583,9.964465421,-5.526607272,-8.245744582,-8.81612067,2.662357537,-13.50570223,13.97336952,-11.055511,18.99468133,-7.750267147,-9.85620332,-10.10127936,0.668909631,1.698520186,1.138980673
268,,Services,,11.90389604,3.295193951,1.373444106,10.35526778,7.246362427,2.240036725,4.693640158,3.933199953,1.607628979,5.823433312,5.393650292,5.956630066,9.122929446,8.927350139,5.576633453,16.72501255,6.031020449,-16.5786219,-15.70298189,-4.226756086,2.756714788,1.450317912,2.464281576,5.291008637,2.877734703
269,,Total,,11.73201092,8.034780693,-3.302719039,7.103165483,0.752179289,0.825239337,7.576788315,3.743675144,5.192998869,7.338706675,6.092367983,4.214342413,6.885872127,7.075935332,5.31887246,14.15369118,6.554535881,-16.18308528,-13.28059553,-4.547238987,1.644230651,0.544368308,2.338814696,5.041306208,2.752690445
270,,,,,,,,,,,,,,,,,,,,,,,,,,,,
271,Manitoba,Manufacturing,,6.060144887,-8.22697549,50.28315078,-21.85729181,-6.753904326,21.59512218,1.163420534,-2.535772901,3.24082098,12.13437873,4.589892422,-3.270611589,5.032111048,7.495665139,3.917126857,4.976777774,5.593693641,5.242540998,-3.452173334,8.050448456,7.189622682,5.828072096,-20.68431314,4.399812441,3.340864787
272,,Services,,14.28788904,7.854749215,8.700667225,10.12203965,13.15697837,5.708785999,5.610458867,2.656009759,4.255713513,0.35623521,4.89870897,0.791981137,4.945377502,7.285109601,0.289444701,-3.006056836,0.678396623,2.231659042,8.627575198,-2.706508149,7.702670001,-0.235568705,2.537242163,5.917100609,3.564163428
273,,Total,,11.42723505,2.182136279,21.53179007,-1.3360431,7.183306265,9.867446811,4.322749038,1.21188808,3.97438845,3.696646348,4.803959728,-0.451573794,4.97101083,7.347289261,1.373920648,-0.549189462,2.280971324,3.236063127,4.584626928,0.663253736,7.530676433,1.782090533,-5.477373346,5.471641649,3.498233321
274,,,,,,,,,,,,,,,,,,,,,,,,,,,,
275,Ontario,Manufacturing,,7.561755814,15.90839465,3.587917881,-8.849529285,-4.202110391,-5.319816412,13.12119187,2.418506042,5.419613407,-10.81755964,4.113722778,-4.673974348,-2.891262323,-1.376680668,-6.417215566,-6.373121869,6.372278205,1.113350453,5.301823287,-3.019890202,4.057940122,4.297919045,-4.459494514,3.378702451,5.09968348
276,,Services,,14.22837463,26.7946203,15.29999467,9.023341534,1.89459165,4.416275925,5.451142457,2.711342028,4.435116959,4.431724573,3.339941298,-0.116568662,1.047478028,3.387454632,2.28888255,0.095240629,5.091052456,4.395724431,5.421723029,5.991847835,8.115084012,8.729782749,1.320795905,6.980984192,11.38134399
277,,Total,,11.41986859,22.45018872,10.9490709,2.831789504,-0.02625535,1.417648894,7.681520395,2.622042555,4.734623201,-0.248439821,3.547044513,-1.340432404,0.02686913,2.219763801,0.254711953,-1.300884888,5.353746997,3.692823383,5.396778708,4.126011526,7.341637703,7.910968248,0.294643103,6.397950512,10.44025062
278,,,,,,,,,,,,,,,,,,,,,,,,,,,,
279,Quebec,Manufacturing,,3.127843945,44.14494782,19.22400431,-13.89246157,-13.35779208,-1.721190709,-2.608976363,2.64035223,-1.377634223,-3.307431456,4.507639864,-9.746199658,1.996401942,-0.707115579,1.154831838,0.584871013,6.608067802,-3.973661376,-7.045430738,11.39007345,0.478870018,2.10296041,-16.15200333,2.877192019,2.021534858
280,,Services,,15.47361193,14.69125181,8.909517496,3.270372125,3.964325526,4.072834184,2.66992249,1.442129587,5.822809833,-2.248107421,-0.611110127,2.93738387,1.82095169,7.154856647,0.736929898,-3.243113479,2.23129999,3.655188706,5.229637993,6.703065592,6.815563994,7.584100858,4.215984117,7.991622071,8.809028465
281,,Total,,10.13227786,26.75926704,13.79951726,-5.23786864,-4.014188288,1.609592837,0.463091948,1.922681206,2.942116421,-2.650615223,1.299947627,-1.937422251,1.882929745,4.404180076,0.874075641,-1.96198346,3.768219025,0.828590941,0.834198566,8.255428593,4.651621784,5.784628416,-2.244106697,6.60377109,6.927595531
282,,,,,,,,,,,,,,,,,,,,,,,,,,,,
283,"1. Note that for chained data, the aggregates are not equal to the sum of their components and, therefore, the sum of the industries will not necessarily equal the ""all industries"" total.",,,,,,,,,,,,,,,,,,,,,,,,,,,
284,,,,,,,,,,,,,,,,,,,,,,,,,,,,
285,Source: BC Stats,,,,,,,,,,,,,,,,,,,,,,,,,,,
286,,,,,,,,,,,,,,,,,,,,,,,,,,,,
287,Definition:,,,,,,,,,,,,,,,,,,,,,,,,,,,
288,"Gross Domestic Product is the total value of an industry's output, minus the value of any intermediate inputs purchased from other industries (domestic or foreign). It is measured at basic prices, meaning it includes taxes on production and excludes any subsidy on production. ",,,,,,,,,,,,,,,,,,,,,,,,,,,
289,"Constant dollars mean that the price in each observation year has been adjusted (chained) to reflect that of the base year (in this case, 2012). This adjustment eliminates the changes in purchasing power over time. Period to period changes in the series reflect only changes in produced quantity, not prices.",,,,,,,,,,,,,,,,,,,,,,,,,,,
290,,,,,,,,,,,,,,,,,,,,,,,,,,,,
291,"High Technology GDP (Current Dollar) at Basic Prices, by Province",,,,,,,,,,,,,,,,,,,,,,,,,,,
292,,,,,,,,,,,,,,,,,,,,,,,,,,,,
293,Cdn $ million,,,,,,,,,,,,,,,,,,,,,,,,,,,
294,Region,,1997.0,1998.0,1999.0,2000.0,2001.0,2002.0,2003.0,2004.0,2005.0,2006.0,2007.0,2008.0,2009.0,2010.0,2011.0,2012.0,2013.0,2014.0,2015.0,2016.0,2017.0,2018.0,2019.0,2020.0,2021.0,2022.0
295,Canada,Manufacturing,19928.6541,20129.57398,24994.84779,27145.53232,24192.15293,22934.38266,22664.6379,24265.97007,24589.02813,25580.71109,24551.42138,25225.98619,24620.31798,24873.12214,24512.50695,24796.77603,24377.64674,26704.66905,27613.71518,27241.20909,28486.54843,29209.94119,30930.93545,28028.96512,29836.71561,34997.31256
296,,Services,37130.17927,42321.37142,46258.47679,50860.20885,53394.92469,56114.87756,59341.13095,62997.23621,66584.17576,70935.33971,76625.46106,80449.6415,81821.55262,85903.31846,92923.67789,97699.47504,99478.81552,105771.9697,105742.164,109368.5007,115519.9064,121776.1025,132812.4657,138062.6603,157232.5884,178405.363
297,,Total,57058.83337,62450.9454,71253.32458,78005.74117,77587.07763,79049.26022,82005.76885,87263.20628,91173.20389,96516.0508,101176.8824,105675.6277,106441.8706,110776.4406,117436.1848,122496.2511,123856.4623,132476.6388,133355.8792,136609.7098,144006.4548,150986.0437,163743.4012,166091.6254,187069.304,213402.6756
298,,,,,,,,,,,,,,,,,,,,,,,,,,,,
299,British Columbia,Manufacturing,829.1897988,818.0425784,1022.658259,1462.606037,1320.3303,1041.796742,1048.161978,1152.438848,1171.654017,1265.836426,1307.409691,1193.854294,1133.290684,1223.588597,1294.534642,1414.768811,1412.020454,1458.622433,1559.219918,1604.196678,1718.612817,1970.698585,2157.130634,2057.802607,2197.848748,2687.815983
300,,Services,5538.063471,5763.220198,5562.635143,5927.665587,6137.40736,6623.660892,7551.998202,7912.450081,8697.162996,9355.553644,10259.96862,10643.68451,10720.21292,11016.86764,11785.23519,12385.59893,12585.88561,13396.38792,13905.64584,14859.67476,15989.14544,17251.33577,18989.36385,20421.73841,24073.7247,27425.80744
301,,Total,6367.25327,6581.262776,6585.293402,7390.271623,7457.737659,7665.457634,8600.16018,9064.888929,9868.817014,10621.39007,11567.37831,11837.53881,11853.5036,12240.45624,13079.76983,13800.36774,13997.90607,14855.01036,15464.86575,16463.87144,17707.75826,19222.03435,21146.49448,22479.54102,26271.57345,30113.62342
302,,,,,,,,,,,,,,,,,,,,,,,,,,,,
303,Alberta,Manufacturing,942.0972629,1129.410561,1190.946963,1592.365474,1342.415273,1310.785754,1106.994126,1031.941599,1048.458879,867.5835733,914.7234964,927.0723564,852.8096798,815.3663966,900.7453162,965.4628371,943.9513494,1043.538895,1064.826892,870.4114094,898.1119816,981.1807802,1085.047832,1052.346171,1223.707193,1483.998393
304,,Services,4979.860999,5907.793966,5988.514662,6453.824389,7263.88635,7640.828347,8355.193935,9362.95528,10367.08041,11711.09358,13208.30859,14645.15283,13843.21814,14792.40668,16707.97787,18095.65168,19387.72941,21587.0321,19087.76981,17224.90725,16556.82246,15939.8151,16921.85676,17394.53251,18838.30437,19507.98164
305,,Total,5921.958262,7037.204527,7179.461625,8046.189863,8606.301623,8951.614101,9462.188061,10394.89688,11415.53929,12578.67715,14123.03209,15572.22518,14696.02782,15607.77308,17608.72319,19061.11452,20331.68076,22630.571,20152.5967,18095.31865,17454.93445,16920.99588,18006.90459,18446.87868,20062.01156,20991.98004
306,,,,,,,,,,,,,,,,,,,,,,,,,,,,
307,Saskatchewan,Manufacturing,128.4732309,140.0959316,189.9447052,248.2800421,202.9370313,143.9070781,131.1299534,142.7654386,162.7491867,211.5586935,241.9889892,261.3972359,231.103573,196.892241,181.7826997,192.6479244,169.0208583,212.2542983,184.5263157,203.4676757,196.7415786,179.818714,163.0115816,166.9805319,183.1323728,221.119912
308,,Services,850.6427968,950.5616102,936.3491801,934.7464891,973.2434736,1034.427573,1089.116163,1136.871389,1219.008809,1239.855141,1305.53171,1431.927403,1476.615767,1684.076671,1869.953868,2046.432785,2488.704693,2695.368665,2273.887567,2022.731413,2054.113313,2099.911887,2174.862327,2251.433397,2532.553251,2799.469988
309,,Total,979.1160277,1090.657542,1126.293885,1183.026531,1176.180505,1178.334651,1220.246117,1279.636827,1381.757996,1451.413834,1547.520699,1693.324639,1707.71934,1880.968912,2051.736568,2239.08071,2657.725551,2907.622963,2458.413882,2226.199089,2250.854892,2279.730601,2337.873908,2418.413929,2715.685624,3020.5899
310,,,,,,,,,,,,,,,,,,,,,,,,,,,,
311,Manitoba,Manufacturing,499.3590783,525.0975571,563.6752997,612.1458081,490.2058677,457.9276237,542.8922724,570.5643981,555.3643597,627.7424421,724.6212078,768.8935911,720.9716325,761.2965377,830.0089157,938.4840072,1012.382653,1118.416658,1110.014494,1090.680206,1200.857661,1245.136604,1338.77853,1054.822783,1231.595355,1344.585138
312,,Services,929.0471425,1069.905375,1099.341217,1158.6932,1166.456059,1268.733053,1355.712558,1453.038118,1546.404987,1588.066846,1636.372399,1724.243634,1718.998796,1806.16768,1978.956018,2089.280934,2127.057848,2168.908372,2231.757829,2415.923262,2346.819099,2501.530932,2526.047697,2598.935279,2963.708625,3273.875523
313,,Total,1428.406221,1595.002932,1663.016516,1770.839008,1656.661927,1726.660677,1898.60483,2023.602516,2101.769347,2215.809288,2360.993607,2493.137225,2439.970429,2567.464218,2808.964934,3027.764941,3139.4405,3287.325031,3341.772323,3506.603468,3547.67676,3746.667536,3864.826227,3653.758062,4195.303981,4618.460661
314,,,,,,,,,,,,,,,,,,,,,,,,,,,,
315,Ontario,Manufacturing,10327.98653,10552.44152,11558.04973,11217.48218,10480.2541,10505.93857,10074.04589,11825.2357,11940.80282,12869.30742,11681.42141,11704.62402,11984.57787,11500.27638,11392.38798,10764.9394,10065.86019,11009.51098,11791.64707,12447.30237,11942.75131,12312.07946,12991.27506,12433.81308,12790.74198,13383.93234
316,,Services,13798.49318,15832.13022,19094.77779,21636.60116,23179.17767,23835.79816,24774.66407,26626.44525,27566.41714,28924.40624,30983.44287,32597.74932,33457.86879,35065.93427,37178.27081,38710.40186,39488.44422,41794.7684,43506.86769,47028.78164,50686.26659,54341.81916,59773.83752,61517.98953,71849.90618,81390.45615
317,,Total,24126.47971,26384.57174,30652.82752,32854.08334,33659.43177,34341.73673,34848.70996,38451.68095,39507.21995,41793.71365,42664.86428,44302.37334,45442.44666,46566.21065,48570.6588,49475.34126,49554.30441,52804.27939,55298.51476,59476.08401,62629.0179,66653.89862,72765.11258,73951.80261,84640.64816,94774.3885
318,,,,,,,,,,,,,,,,,,,,,,,,,,,,
319,Quebec,Manufacturing,6934.190725,6689.811704,10163.99083,11588.20675,9937.006327,9054.713538,9306.504934,9075.096046,9153.177067,9150.341957,9094.249476,9707.967585,8938.190232,9599.427431,9211.968588,9768.572239,10060.35277,11105.06824,11089.92104,10227.64053,11722.51764,11768.29491,12343.35188,10411.81935,11025.49941,13969.05098
320,,Services,8792.434703,10170.23757,11055.72556,11996.11832,11825.87818,12512.91958,13018.80504,13278.32276,13848.35694,14607.95805,15342.76899,15392.77616,16481.73508,17343.78041,19003.12657,19763.66123,18901.52051,19354.25297,19830.50791,20744.54416,22574.97657,24182.88577,26492.32347,27956.32247,31150.66441,35988.15255
321,,Total,15726.62543,16860.04927,21219.71638,23584.32507,21762.88451,21567.63312,22325.30998,22353.41881,23001.534,23758.30001,24437.01846,25100.74375,25419.92532,26943.20784,28215.09515,29532.23347,28961.87329,30459.32121,30920.42895,30972.18469,34297.49421,35951.18067,38835.67535,38368.14182,42176.16383,49957.20353
322,,,,,,,,,,,,,,,,,,,,,,,,,,,,
323,% change from previous year,,,,,,,,,,,,,,,,,,,,,,,,,,,
324,Region,,,1998.0,1999.0,2000.0,2001.0,2002.0,2003.0,2004.0,2005.0,2006.0,2007.0,2008.0,2009.0,2010.0,2011.0,2012.0,2013.0,2014.0,2015.0,2016.0,2017.0,2018.0,2019.0,2020.0,2021.0,2022.0
325,Canada,Manufacturing,,1.008195951,24.16978031,8.604511377,-10.87979911,-5.199083677,-1.17615879,7.065333105,1.33132146,4.033030306,-4.023694682,2.747559099,-2.400969416,1.02681111,-1.449818764,1.159689974,-1.690257181,9.545721673,3.404071882,-1.348989388,4.571527379,2.539418778,5.891810109,-9.382096887,6.44957984,17.29612946
326,,Services,,13.98105867,9.302877574,9.947867679,4.983691379,5.094028845,5.749372592,6.16116546,5.693804618,6.534831889,8.02156072,4.9907438,1.705304204,4.98861939,8.172396078,5.139483558,1.821238531,6.326124974,-0.028179235,3.429414169,5.624476527,5.415686622,9.062831693,3.953088679,13.88494767,13.4658946
327,,Total,,9.450091619,14.09486938,9.476633719,-0.536708622,1.884569745,3.740083873,6.411058029,4.480694417,5.860106565,4.829074124,4.446416168,0.725089524,4.072241473,6.011877797,4.308779478,1.110410469,6.959811659,0.663694676,2.439960418,5.414508963,4.846719465,8.449362052,1.434087845,12.63018444,14.07679989
328,,,,,,,,,,,,,,,,,,,,,,,,,,,,
329,British Columbia,Manufacturing,,-1.344350886,25.01283998,43.02001896,-9.727550238,-21.09574838,0.610986382,9.948545329,1.667348302,8.038414712,3.284252565,-8.685525104,-5.072948253,7.967762798,5.798194321,9.287829424,-0.194261899,3.300375594,6.896746029,2.884568113,7.132301164,14.66797906,9.460201099,-4.604636628,6.805615902,22.29303702
330,,Services,,4.065622002,-3.480433651,6.562185632,3.538353673,7.922784059,14.01547159,4.772933855,9.917445383,7.570177164,9.667145404,3.73993245,0.719002966,2.76724653,6.974464747,5.094202459,1.617093223,6.439771791,3.801456895,6.860730771,7.600911214,7.894044903,10.07474496,7.543036086,17.88283746,13.92423806
331,,Total,,3.361096182,0.06124396,12.22387785,0.912903333,2.785294731,12.19369529,5.403722009,8.868592777,7.625767657,8.906444761,2.335537851,0.134865846,3.26445789,6.856881624,5.509255281,1.431398988,6.123089309,4.105385203,6.459840643,7.555251074,8.551483857,10.01174014,6.303865359,16.86881607,14.62436188
332,,,,,,,,,,,,,,,,,,,,,,,,,,,,
333,Alberta,Manufacturing,,19.882586,5.448541402,33.70582595,-15.69678604,-2.356164995,-15.54728737,-6.779848761,1.600602279,-17.25154029,5.43347345,1.35001015,-8.010450976,-4.390579053,10.47123354,7.184885636,-2.228101054,10.55007189,2.039981098,-18.25794256,3.182468884,9.249269611,10.58592403,-3.0138451,16.28371223,21.27070931
334,,Services,,18.6337122,1.366342439,7.770035694,12.55165794,5.189260657,9.34932124,12.06149556,10.72444652,12.96423985,12.78458755,10.87833634,-5.475768622,6.85670435,12.94969254,8.30545638,7.140266323,11.34378685,-11.57760955,-9.759456375,-3.878597261,-3.726604956,6.160935094,2.793285394,8.300147494,3.55487024
335,,Total,,18.83238982,2.021500124,12.07232913,6.961204866,4.012321354,5.703708336,9.857221312,9.81868723,10.18907503,12.27756239,10.26120371,-5.626667669,6.204025118,12.82021525,8.248135423,6.66574997,11.30693656,-10.94967641,-10.20850107,-3.538949607,-3.058954874,6.417522479,2.443363267,8.755588977,4.635469742
336,,,,,,,,,,,,,,,,,,,,,,,,,,,,
337,Saskatchewan,Manufacturing,,9.046787895,35.58188527,30.71174676,-18.26284966,-29.08781744,-8.878732648,8.87324744,13.99760915,29.99063021,14.38385504,8.020301568,-11.58912902,-14.80346305,-7.674015611,5.977040046,-12.26437615,25.57876016,-13.06356705,10.26485567,-3.305732515,-8.601569991,-9.346709262,2.434765817,9.672888682,20.74321355
338,,Services,,11.74627161,-1.49516138,-0.171163811,4.118441192,6.286618031,5.286845729,4.384768785,7.224864765,1.710105066,5.297116372,9.68154902,3.12085404,14.04975543,11.03733579,9.43760808,21.61184626,8.304077731,-15.63723374,-11.04523183,1.551461548,2.229603059,3.569218329,3.520731843,12.48626118,10.53943235
339,,Total,,11.39206293,3.267418249,5.037108579,-0.578687475,0.183147612,3.5568389,4.867109182,7.980480579,5.041102593,6.621603238,9.421776345,0.850085149,10.14508461,9.078706973,9.131003709,18.69717512,9.402679371,-15.449358,-9.445715994,1.107529111,1.282877398,2.550446423,3.445011318,12.29201055,11.22752476
340,,,,,,,,,,,,,,,,,,,,,,,,,,,,
341,Manitoba,Manufacturing,,5.154302782,7.346776231,8.599012316,-19.92008094,-6.58463027,18.55416538,5.097167004,-2.664035553,13.03254,15.43288445,6.109727786,-6.232586552,5.593133406,9.025704773,13.06914775,7.874257314,10.47370827,-0.751255283,-1.74180502,10.10171952,3.687276522,7.520614688,-21.21006135,16.75850916,9.174261858
342,,Services,,15.16158076,2.75125652,5.398868204,0.669966759,8.768182309,6.855619004,7.178922974,6.425631095,2.694110507,3.041783348,5.369880046,-0.304181928,5.070910122,9.566572333,5.574904876,1.80812994,1.967531098,2.897746035,8.252034818,-2.860362484,6.592405555,0.980070432,2.885439672,14.03549174,10.46549903
343,,Total,,11.66311861,4.264166701,6.483549068,-6.447626272,4.225288742,9.95819012,6.583659962,3.862756153,5.425901837,6.552202818,5.59694943,-2.132525862,5.225218621,9.406195959,7.789346334,3.688382746,4.710537761,1.656279547,4.932446886,1.171312726,5.609044699,3.153700994,-5.461258871,14.82161407,10.0864367
344,,,,,,,,,,,,,,,,,,,,,,,,,,,,
345,Ontario,Manufacturing,,2.173269565,9.529625934,-2.946583119,-6.572135055,0.245074828,-4.110938553,17.38318278,0.977292275,7.775897614,-9.230380222,0.198628265,2.391822704,-4.04103918,-0.938137456,-5.507612475,-6.494037548,9.374765524,7.104185551,5.560336858,-4.053497232,3.092487952,5.516497823,-4.291048983,2.870631079,4.637654035
346,,Services,,14.73810953,20.60776112,13.31161533,7.129477038,2.832803208,3.938890177,7.474495617,3.530219212,4.926244477,7.118682461,5.210222942,2.638585434,4.806240027,6.023899235,4.121039017,2.009905153,5.840504045,4.096444011,8.095075871,7.777120356,7.212116449,9.996018619,2.917918744,16.79495174,13.27844458
347,,Total,,9.35939289,16.17708948,7.181248857,2.451288701,2.027083992,1.47625974,10.33889345,2.74510496,5.787533787,2.084405886,3.838073977,2.573391072,2.472939019,4.304512044,1.862611064,0.159601031,6.558411044,4.723547797,7.554577668,5.301179365,6.426542919,9.168576907,1.630850267,14.45379988,11.97266391
348,,,,,,,,,,,,,,,,,,,,,,,,,,,,
349,Quebec,Manufacturing,,-3.524261602,51.9323903,14.01236917,-14.24897272,-8.878859084,2.780777048,-2.486528399,0.860387816,-0.030974046,-0.613009674,6.748419544,-7.929335841,7.39788684,-4.036270345,6.042179206,2.986931226,10.38448148,-0.136399014,-7.775353007,14.61605055,0.390507099,4.886493578,-15.64836316,5.894071359,26.69767106
350,,Services,,15.67032242,8.706659804,8.505934438,-1.419126912,5.809643827,4.042905066,1.993406602,4.292968226,5.485135268,5.030209824,0.325933177,7.074480327,5.230306862,9.567384507,4.002155432,-4.362252039,2.395217129,2.460725015,4.609242724,8.823681054,7.122528763,9.549884691,5.526125312,11.42618793,15.5293257
351,,Total,,7.207037841,25.85797372,11.14345094,-7.7230981,-0.897176049,3.513027375,0.125905669,2.899400773,3.290067528,2.85676357,2.71606491,1.271602035,5.992474411,4.720623188,4.668204397,-1.93131407,5.170411158,1.513847723,0.167383622,10.73643838,4.821595574,8.023365649,-1.203876411,9.92495812,18.44890335
352,,,,,,,,,,,,,,,,,,,,,,,,,,,,
353,,,,,,,,,,,,,,,,,,,,,,,,,,,,
354,,,,,,,,,,,,,,,,,,,,,,,,,,,,
355,Source: BC Stats ,,,,,,,,,,,,,,,,,,,,,,,,,,,
356,,,,,,,,,,,,,,,,,,,,,,,,,,,,
357,Definition:,,,,,,,,,,,,,,,,,,,,,,,,,,,
358,"Gross Domestic Product is the total value of an industry's output, minus the value of any intermediate inputs purchased from other industries (domestic or foreign). It is measured at basic prices, meaning it includes taxes on production and excludes any subsidy on production. ",,,,,,,,,,,,,,,,,,,,,,,,,,,
359,Current prices mean that the price valuation refers to the period of observation. This means period to period changes reflect both changes in price as well as changes in quantity produced.,,,,,,,,,,,,,,,,,,,,,,,,,,,
360,,,,,,,,,,,,,,,,,,,,,,,,,,,,
361,,,,,,,,,,,,,,,,,,,,,,,,,,,,
362,B.C. High Technology Sector Revenues,,,,,,,,,,,,,,,,,,,,,,,,,,,
363,,,,,,,,,,,,,,,,,,,,,,,,,,,,
364,$ million,,,,,,,,,,,,,,,,,,,,,,,,,,,
365,INDUSTRY,1997,1998.0,1999.0,2000.0,2001.0,2002.0,2003.0,2004.0,2005.0,2006.0,2007.0,2008.0,2009.0,2010.0,2011.0,2012.0,2013.0,2014.0,2015.0,2016.0,2017.0,2018.0,2019.0,2020.0,2021.0,2022.0,
366,,,,,,,,,,,,,,,,,,,,,,,,,,,,
367,High Technology Manufacturing,1714.682385,1802.467532,2183.886667,2785.849939,2594.751212,2183.75841,2208.809725,2503.173435,2356.174276,2737.997538,2827.043029,2939.108967,2566.563227,2916.340607,2910.515796,3223.857,3290.030294,3761.359158,3954.995224,4307.358304,4453.390185,4746.599434,5017.665364,4899.242924,5052.776087,5926.956038,
368,,,,,,,,,,,,,,,,,,,,,,,,,,,,
369,High Technology Services,7418.54533,8098.025411,8704.503192,9111.967343,9094.920635,10105.6927,10992.84261,11666.69736,13475.94009,14210.0307,15311.43745,15517.43435,15844.11578,15998.89081,17272.50871,18552.30342,20213.03813,21536.96394,23156.58813,26050.55903,27680.83835,30138.85536,32367.98616,34682.13292,40831.4221,49615.00291,
370,Motion picture production & post-production1,133,206.5,477.2,401.4,412.8,483.5590198,634.8764515,441.6,703.7573999,766.5,749.7,805.2,519.4,483.7,605.1134119,1106.402521,1486.2,2266.161386,2489.5,3288.38147,3895.1,3823.856138,3918.1,3007.349611,4696.0,4544.595843,
371,Motion Picture and Video Production,111,174.5,418.5,358.8,365.6,433.2576992,578.5506873,403.1,630.5573999,677.0,659.0,717.3,420.3,396.6,485.5,844.8602538,1205.6,1917.715301,2058.0,2795.414768,3292.4,3196.109336,3358.4,2626.754154,4108.8,3845.569074,
372,Post-Production and Other Motion Picture and Video Industries,22,32.0,58.7,42.6,47.2,50.30132061,56.32576422,38.5,73.2,89.5,90.7,87.9,99.1,87.1,119.6134119,261.5422669,280.6,348.4460857,431.5,492.9667027,602.7,627.7468019,559.7,380.5954565,587.2,699.0267686,
373,Telecommunications,3824.49984,4326.707286,4430.009053,4626.874746,4174.789802,4637.557916,5041.129664,5035.95872,5489.758394,5490.917543,5343.364018,5120.910013,5887.624799,5423.747483,5637.836861,5586.040984,5880.264357,6023.458862,6499.288607,8170.28008,8540.499369,8974.876719,8556.787708,8078.218784,9119.314626,10219.71493,
374,Engineering services,1677.7,1280.7,1154.4,1141.6,1438.9,1414.6,1512.9,1564.5,1982.7,2412.4,2922.6,3042.3,2921.930263,2957.068306,3379.904118,3699.8,4174.2,3921.2,4036.3,3997.5,4100.4,4568.7,5741.3,6415.9,6317.5,7014.5,
375,Software publishing,250,622.0,632.2,710.8,816.3,817.7,798.2,1164.8,1185.8,1277.2,1324.3,1498.0,1226.280613,1340.211215,1401.973772,1330.4,1326.8,1149.8,1327.6,1434.4,1447.8,1749.6,1977.4,2238.0,2281.7,2650.0,
376,Other computer and related services,1192.361645,1300.127245,1636.289553,1803.860195,1730.894129,1830.164808,2108.117597,2385.741378,2761.402612,2971.243287,3206.975636,3185.73824,3463.391624,3738.163879,4029.654886,4415.133896,4711.481894,5449.681137,6198.497724,6863.138493,7057.220871,7876.110119,8991.983545,10420.24067,12840.09729,16109.91549,
377,"Data processing, hosting and related services, internet broadcasting and web search portals",182.3616448,196.1272445,195.589553,231.0601945,217.1941292,232.2648082,311.7175972,537.3413783,583.0026123,515.1432866,569.1756357,472.5382398,451.8379376,603.7143531,658.1642168,738.7338955,733.0818944,863.2811372,905.8977241,939.8384929,934.3208712,1151.010119,1339.783545,1647.040673,1652.797285,2272.115492,
378,Computer systems and video game design and Development services,1010,1104.0,1440.7,1572.8,1513.7,1597.9,1796.4,1848.4,2178.4,2456.1,2637.8,2713.2,3011.553687,3134.449526,3371.490669,3676.4,3978.4,4586.4,5292.6,5923.3,6122.9,6725.1,7652.2,8773.2,11187.3,13837.8,
379,Other services,340.9838453,361.9908804,374.4045867,427.4324029,521.2367033,922.1109567,897.6188977,1074.097266,1352.521683,1291.769873,1764.497792,1865.286097,1825.488486,2055.999925,2218.02566,2414.526022,2634.091881,2726.662551,2605.401801,2296.858984,2639.818113,3145.712383,3182.414906,4522.423852,5576.810188,9076.276636,
380,"Architectural, engineering, management, scientific and technical consulting services",278.501286,293.9718918,297.6854949,335.68586,391.5260738,430.1596667,480.8048626,503.0541284,581.3761723,765.0181706,998.0977919,1074.486097,996.5884856,1042.099925,1222.02566,1396.426022,1491.291881,1546.562551,1438.801801,1304.258984,1387.818113,1623.112383,1769.014906,2738.623852,3278.010188,6538.376636,
381,Scientific research and development services,62.48255934,68.01898865,76.71909185,91.74654283,129.7106295,491.95129,416.8140351,571.0431373,771.1455108,526.7517028,766.4,790.8,828.9,1013.9,996.0,1018.1,1142.8,1180.1,1166.6,992.6,1252.0,1522.6,1413.4,1783.8,2298.8,2537.9,
382,,,,,,,,,,,,,,,,,,,,,,,,,,,,
383,High Technology Sector Total,9133.227715,9900.492943,10888.38986,11897.81728,11689.67185,12289.45111,13201.65234,14169.8708,15832.11437,16948.02824,18138.48047,18456.54332,18410.67901,18915.23141,20183.0245,21776.16042,23503.06843,25298.32309,27111.58336,30357.91733,32134.22854,34885.45479,37385.65152,39581.37584,45884.19819,55541.95894,
384,,,,,,,,,,,,,,,,,,,,,,,,,,,,
385,% change from previous year,,,,,,,,,,,,,,,,,,,,,,,,,,,
386,INDUSTRY,,1998.0,1999.0,2000.0,2001.0,2002.0,2003.0,2004.0,2005.0,2006.0,2007.0,2008.0,2009.0,2010.0,2011.0,2012.0,2013.0,2014.0,2015.0,2016.0,2017.0,2018.0,2019.0,2020.0,2021.0,2022.0,
387,,,,,,,,,,,,,,,,,,,,,,,,,,,,
388,High Technology Manufacturing,,5.11961558,21.16094347,27.56385121,-6.859620237,-15.83939148,1.147165153,13.32680248,-5.872511951,16.20522159,3.252212234,3.964069069,-12.67546542,13.62823936,-0.199730117,10.76583073,2.052612573,14.32597337,5.148034466,8.909317466,3.390288678,6.583955969,5.710739526,-2.360110346,3.133814041,17.30098339,
389,,,,,,,,,,,,,,,,,,,,,,,,,,,,
390,High Technology Services,,9.159209131,7.489205709,4.681073022,-0.187080438,11.11358863,8.778714496,6.129940882,15.50775399,5.447416719,7.750910361,1.345379264,2.105254178,0.976861221,7.960663753,7.409431567,8.951636212,6.549860516,7.520206657,12.49739763,6.258135664,8.879850295,7.396202585,7.149492557,17.73042389,21.51181701,
391,Motion picture production & post-production,,55.26315789,131.0895884,-15.88432523,2.840059791,17.14123541,31.29244323,-30.44315962,59.36535324,8.915373411,-2.191780822,7.402961184,-35.49428713,-6.873315364,25.10097413,82.84217454,34.32724277,52.480244,9.855371072,32.09003696,18.45036944,-1.829063741,2.464628855,-23.24469485,56.15078416,-3.224108967,
392,Motion Picture and Video Production,,57.20720721,139.8280802,-14.26523297,1.895206243,18.50593522,33.53500432,-30.32589731,56.42704041,7.36532473,-2.658788774,8.846737481,-41.40526976,-5.638829408,22.41553202,74.01858987,42.69815565,59.06729434,7.315199464,35.83162136,17.7785865,-2.924634421,5.077756941,-21.78554804,56.42118594,-6.40651591,
393,Post-Production and Other Motion Picture and Video Industries,,45.45454545,83.4375,-27.42759796,10.79812207,6.570594512,11.97671063,-31.64762071,90.12987013,22.26775956,1.340782123,-3.087100331,12.74175199,-12.10898083,37.3288311,118.6563052,7.28667428,24.17893288,23.83551366,14.24489054,22.25977875,4.155766037,-10.83984844,-32.00009711,54.28455334,19.04406822,
394,Telecommunications,,13.13132351,2.387537677,4.443911754,-9.770848973,11.08482428,8.702247079,-0.102575111,9.011187339,0.02111475,-2.687228944,-4.163182675,14.97223706,-7.878853222,3.947259315,-0.918718975,5.267118055,2.43517122,7.899609769,25.710375,4.531292502,5.086088426,-4.65843737,-5.592857271,12.88769058,12.06669967,
395,Engineering services,,-23.66334863,-9.861794331,-1.108801109,26.04239664,-1.688790048,6.948960837,3.410668253,26.73058485,21.67246684,21.14906317,4.095668241,-3.956537406,1.20256269,14.29915607,9.464643699,12.82231472,-6.061041637,2.935325921,-0.961276417,2.574108818,11.42083699,25.66594436,11.7499521,-1.53368974,11.03284527,
396,Software publishing,,148.8,1.639871383,12.43277444,14.84243106,0.171505574,-2.384737679,45.92833876,1.802884615,7.707876539,3.687754463,13.11636336,-18.13881088,9.290744748,4.60841971,-5.105214795,-0.27059531,-13.3403678,15.46355888,8.044591745,0.934188511,20.84542064,13.02011888,13.17892182,1.952636282,16.14147346,
397,Other computer and related services,,9.037996166,25.85610831,10.24089173,-4.04499559,5.735225358,15.18730924,13.16927393,15.74610046,7.599061193,7.933794925,-0.662225046,8.715511559,7.933617808,7.7977054,9.566055177,6.712095395,15.66809041,13.74055781,10.72261052,2.827895408,11.60356552,14.16782408,15.8836715,23.22265568,25.46568094,
398,"Data processing, hosting and related services, internet broadcasting and web search portals",,7.548516991,-0.274154432,18.13524341,-6.001061909,6.938805886,34.20784648,72.38082903,8.497621044,-11.63962635,10.48880001,-16.97848429,-4.380661818,33.61302867,9.019143485,12.2415769,-0.765092973,17.76053178,4.936582653,3.746644675,-0.587081901,23.19216604,16.40067472,22.93334093,0.349512462,37.47091144,
399,Computer systems and video game design and Development services,,9.306930693,30.49818841,9.169153884,-3.757629705,5.562528903,12.4225546,2.894678245,17.85327851,12.74788836,7.397907251,2.858442642,10.99637649,4.080811832,7.562448875,9.043754263,8.21455772,15.28252564,15.39769754,11.91663833,3.369743217,9.835208806,13.78566861,14.64938188,27.51675557,23.69204366,
400,Other services,,6.16071271,3.429287028,14.16323892,21.94599656,76.90829347,-2.656085894,19.66072333,25.92171364,-4.491743862,36.59536642,5.71201085,-2.133592896,12.62738392,7.880629424,8.859246528,9.093538768,3.514329551,-4.44722247,-11.8424274,14.93165801,19.16398208,1.166747564,42.10667011,23.31462886,62.75032376,
401,"Architectural, engineering, management, scientific and technical consulting services",,5.554949498,1.263251083,12.76527269,16.63466365,9.867438096,11.77358078,4.627504329,15.56930744,31.58746559,30.46720068,7.653388871,-7.249755195,4.566723401,17.26568928,14.27141565,6.793475513,3.706227472,-6.967758891,-9.351031987,6.406636216,16.95425849,8.98905856,54.81067133,19.69552468,99.46175458,
402,Scientific research and development services,,8.860759494,12.79069767,19.58762887,41.37931034,279.2682927,-15.2733119,37.00189753,35.04155125,-31.69230769,45.4954955,3.183716075,4.817905918,22.31873567,-1.765460105,2.218875502,12.24830567,3.263913196,-1.14397085,-14.91513801,26.13338706,21.61341853,-7.17194273,26.20631102,28.87094966,10.40107882,
403,,,,,,,,,,,,,,,,,,,,,,,,,,,,
404,High Technology Sector Total,,8.40081132,9.978259895,9.270676704,-1.749442185,5.130847737,7.422636026,7.334070296,11.73083079,7.048419751,7.024134112,1.753525292,-0.248498893,2.740542066,6.702498442,7.893444891,7.930268568,7.63838421,7.167511676,11.97397413,5.851228814,8.561668912,7.166874401,5.873173885,15.92370707,21.04811926,
405,,,,,,,,,,,,,,,,,,,,,,,,,,,,
406,1. Note that Statistics Canada data for British Columbia's film industry are understated. Efforts are under way by Statistics Canada to better capture the true nature of the industry.,,,,,,,,,,,,,,,,,,,,,,,,,,,
407,,,,,,,,,,,,,,,,,,,,,,,,,,,,
408,Source: BC Stats and Statistics Canada,,,,,,,,,,,,,,,,,,,,,,,,,,,
409,,,,,,,,,,,,,,,,,,,,,,,,,,,,
410,"High Technology Sector Revenues, by Province",,,,,,,,,,,,,,,,,,,,,,,,,,,
411,,,,,,,,,,,,,,,,,,,,,,,,,,,,
412,Cdn $ million,,,,,,,,,,,,,,,,,,,,,,,,,,,
413,Region,1997,1998.0,1999.0,2000.0,2001.0,2002.0,2003.0,2004.0,2005.0,2006.0,2007.0,2008.0,2009.0,2010.0,2011.0,2012.0,2013.0,2014.0,2015.0,2016.0,2017.0,2018.0,2019.0,2020.0,2021.0,2022.0,
414,Canada,102178.7397,117577.3821,132754.7627,154721.244,154104.7063,152910.0279,154901.9704,160054.7821,165063.4222,175492.6364,188788.8611,196218.1862,192373.3786,194236.3233,210488.5869,219467.4155,226117.7524,240972.3161,246786.3581,253248.4821,261899.0309,280070.4874,304662.405,310318.0316,342187.9822,395182.0396,
415,British Columbia,9133.227715,9900.492943,10888.38986,11897.81728,11689.67185,12289.45111,13201.65234,14169.8708,15832.11437,16948.02824,18138.48047,18456.54332,18410.67901,18915.23141,20183.0245,21776.16042,23503.06843,25298.32309,27111.58336,30357.91733,32134.22854,34885.45479,37385.65152,39581.37584,45884.19819,55541.95894,
416,Alberta,10031.65594,11905.56511,12094.98898,14215.28437,15499.13744,15106.39991,15414.65619,17033.80216,18153.09275,20592.11433,22288.15564,23966.42605,21864.00414,22857.49455,25376.38662,28529.20195,32485.8306,35098.91828,31139.55821,27541.04358,25873.35125,25919.05671,27829.08133,29506.27762,31836.88929,36638.98202,
417,Saskatchewan,1690.189294,2077.292258,2140.589972,2423.341859,2122.572489,2134.132579,2092.41067,2211.092046,2438.074739,2624.480007,3676.614126,3710.847387,4117.051505,4225.283183,5045.369389,4829.199524,4956.389535,5205.491991,4451.321796,4045.156839,3896.060449,4250.941422,4214.940052,4333.72021,5128.61548,5345.812961,
418,Manitoba,2412.579859,2799.768802,2939.767978,3137.628242,3091.742145,3166.930837,3468.32513,3632.361001,3641.609671,3923.76171,5098.388224,5252.036796,5500.932201,5316.139534,6822.456482,7457.585084,7988.337804,8474.090898,8653.064966,7674.783852,8067.895484,8314.317383,7943.9552,8442.408637,10172.37662,11915.68014,
419,Ontario,45629.47595,52651.97965,58672.78585,68039.21198,70234.75004,68954.57097,69060.46321,71853.06813,73510.17355,78501.97087,83835.4337,86436.86708,88119.06939,87414.38264,92876.26713,93634.32389,94266.51849,99165.63121,104582.8107,109371.6908,113318.8486,122961.0356,133882.806,138388.9526,149987.7423,172920.9039,
420,Quebec,29900.29776,34319.05007,41863.44203,50319.39935,46431.44773,45867.24355,46116.92869,45486.61288,45427.90223,46478.64223,48951.26795,49531.88717,48893.87888,49099.00087,51651.27694,54532.35233,54211.96979,58865.19206,61180.34369,63146.8079,66960.71772,70249.84004,77875.59036,76403.40875,82525.45779,94654.81274,
421,% change from previous year,,,,,,,,,,,,,,,,,,,,,,,,,,,
422,Region,,1998.0,1999.0,2000.0,2001.0,2002.0,2003.0,2004.0,2005.0,2006.0,2007.0,2008.0,2009.0,2010.0,2011.0,2012.0,2013.0,2014.0,2015.0,2016.0,2017.0,2018.0,2019.0,2020.0,2021.0,2022.0,
423,Canada,,15.07029974,12.90841855,16.54666155,-0.398482847,-0.775238151,1.302689272,3.326498514,3.129328576,6.318307297,7.576514309,3.935256044,-1.959455254,0.968400467,8.36726277,4.265708035,3.030216097,6.569392947,2.412742709,2.618509408,3.415834414,6.938344288,8.780617299,1.856358557,10.27009304,15.48682602,
424,British Columbia,,8.40081132,9.978259895,9.270676704,-1.749442185,5.130847737,7.422636026,7.334070296,11.73083079,7.048419751,7.024134112,1.753525292,-0.248498893,2.740542066,6.702498442,7.893444891,7.930268568,7.63838421,7.167511676,11.97397413,5.851228814,8.561668912,7.166874401,5.873173885,15.92370707,21.04811926,
425,Alberta,,18.67995856,1.591053183,17.53036232,9.031497609,-2.533931548,2.040567448,10.50393832,6.570996756,13.43584598,8.236363105,7.529875695,-8.772363116,4.543954559,11.01998324,12.42420908,13.86869728,8.043776729,-11.28057578,-11.55608762,-6.055298225,0.176650714,7.369190335,6.026775603,7.89869771,15.08342314,
426,Saskatchewan,,22.90293547,3.047126088,13.20906341,-12.41134708,0.544626395,-1.954982075,5.671992472,10.26563745,7.645592848,40.08924116,0.931108342,10.94639785,2.628863822,19.40902352,-4.284520091,2.633770053,5.02588536,-14.48797149,-9.124592096,-3.685799972,9.108713199,-0.846903456,2.818074659,18.34209944,4.235012002,
427,Manitoba,,16.04875135,5.000383459,6.730472119,-1.462445322,2.431919885,9.516920596,4.729541348,0.254618682,7.748003356,29.93623468,3.01366952,4.739026307,-3.359297311,28.33478953,9.309382972,7.116951596,6.080778075,2.112014964,-11.30560232,5.122119919,3.054351651,-4.454511013,6.274625486,20.49140307,17.13762264,
428,Ontario,,15.39027911,11.43509939,15.96383397,3.22687169,-1.822714645,0.153568122,4.043710089,2.306241709,6.79062105,6.79404959,3.103023701,1.946162979,-0.799698354,6.248267529,0.816200717,0.675173991,5.197086731,5.462759061,4.579031734,3.608939193,8.508899555,8.882301913,3.365739552,8.381297392,15.29002392,
429,Quebec,,14.77828862,21.98310254,20.19890603,-7.726546157,-1.215133739,0.544364837,-1.36677751,-0.129072379,2.312983763,5.319918147,1.186116816,-1.288075881,0.419524873,5.198224047,5.577936429,-0.587509114,8.583385353,3.932972186,3.214209151,6.039750779,4.912017723,10.85518531,-1.890427539,8.012795687,14.69771302,
430,,,,,,,,,,,,,,,,,,,,,,,,,,,,
431,,,,,,,,,,,,,,,,,,,,,,,,,,,,
432,Source: BC Stats,,,,,,,,,,,,,,,,,,,,,,,,,,,
